위도,경도,cluster
-6.7065,155.232,1
19.1631,-66.5251,2
-4.7803,102.7675,0
17.4535,93.4248,0
-15.1473,66.7962,2
36.595,-121.2063333,2
52.557,-166.9914,0
23.9374,122.5711,0
17.9266,-66.9146,2
18.6319,120.9637,0
10.069,126.5571,0
17.9275,-66.9091,2
52.247,-168.3156,0
-12.8831,166.3007,2
-13.8596,166.5448,2
-60.8195,-51.0213,2
-2.5533,140.8007,1
-56.2415,-123.5343,1
19.1401666666667,-156.197,0
40.409,-123.971,1
40.6042,-29.1424,2
-3.4567,131.0209,2
29.7295,70.1934,2
19.3601,-65.7256,0
-2.493,140.7385,2
52.356,-168.3292,0
9.3909,126.0204,2
27.5974,90.3069,0
52.1979,-168.2216,2
41.9737,142.5635,0
36.2865,21.8713,0
-18.9878,167.6221,2
-59.7984,-26.2746,0
-5.8015,101.4021,2
-63.3763,171.7509,2
24.0154,121.7126,0
17.9633,-67.0076,2
52.8439,-162.1708,2
40.5766,-29.3138,2
40.4756,-29.3491,1
-63.3921,171.223,2
43.3989,-127.2682,2
23.5489,142.4252,2
-6.7418,144.6436,0
16.0955,-95.5745,0
5.4686,97.1178,1
36.1405,21.6628,0
51.3249,-179.536,0
-19.9514,-174.3869,0
31.8534,131.5447,0
36.5797,142.4842,2
-9.0813,40.6115,2
-65.2429,179.2554,1
12.6191,143.3343,0
52.3579,-168.4712,0
9.7528,-69.6309,2
35.531,25.8574,2
30.2167,-41.9612,1
10.8119,91.5945,2
3.5828,127.107,0
-2.5003,140.9669,2
40.5483,-29.3131,1
5.3792,97.0686,2
8.4519,126.9002,1
55.5136,162.0419,0
-2.4043,140.7873,2
31.1665,141.7623,1
-16.0098,-75.0248,2
10.8475,95.1111,2
10.7847,95.0957,2
-23.3486,-174.5472,2
-22.1015,170.1577,2
8.4265,126.6748,0
45.8784,-27.6336,2
-2.4909,140.8952,2
-16.9179,-72.4467,0
-56.2277,-122.47,2
53.7752,-165.4867,0
40.2108,142.6435,1
-3.9229,133.3247,1
23.6068,142.8169,0
-2.4683,140.9658,2
23.2472,142.9083,2
-2.4806,140.8033,2
-40.9602,-88.0226,2
10.3251,125.8803,0
-2.4736,140.8447,2
-2.4745,140.8809,1
-65.1631,179.2943,1
48.3357,23.1428,2
19.4895,-155.267166666667,2
12.8244,-90.1479,2
11.8178,-86.9783,0
-65.4071,178.8954,1
-2.8884,134.2964,2
-2.9351,134.2411,2
-4.6561,152.5,0
-37.6553,175.7164,1
-2.5084,140.7059,2
4.2505,126.7251,0
-2.4465,140.7623,1
-2.6188,140.5861,2
0.8467,-29.2475,1
38.3676,-30.3477,2
36.4342,22.0756,0
-9.012,158.0908,2
36.3591,21.9463,2
-57.7447,-25.3787,1
-57.5329,-24.7122,2
-58.5854,-25.1398,0
-57.6212,-25.0608,2
42.4106,64.4461,2
-57.7446,-25.1755,1
-2.4752,140.7244,1
-9.173,159.2781,2
0.0764,170.0324,1
53.8855,-35.0411,1
53.94,-35.0776,2
-1.0394,98.3047,2
-2.4665,140.909,2
-10.7304,113.4073,2
-2.4264,140.8289,2
-2.541,140.6961,0
31.7032,73.979,2
51.9733,174.7812,0
-6.1707,149.1598,0
-2.4959,140.7411,1
11.3588,144.1405,2
5.3714,36.8629,2
-2.4869,140.7561,2
-25.4108,71.7226,2
65.35,-144.8121,2
26.8335,55.1568,2
3.5691,126.7719,0
3.4965,126.6943,0
3.6115,126.9024,0
-7.1121,105.1243,0
-28.4197,-178.3564,2
-30.7554,-71.4941,0
38.7749,23.6272,2
-2.5114,140.7551,2
2.0929,127.8829,2
24.8692,122.0854,2
52.083,-169.628,0
-23.5122,-114.809,2
-59.2992,-23.7354,1
37.9093,101.1674,2
23.2178,121.5972,0
-33.7412,118.2596,2
24.1249,95.8673,2
19.229,-155.393333333333,0
-14.949,166.8342,1
53.8488,-35.0477,1
40.3233,74.7618,2
-57.0129,-25.2461,2
-5.9058,102.6237,2
-54.5221,-130.5522,2
14.2773,-94.0954,1
24.8739,122.0714,2
24.8617,122.0513,2
-38.8316,-92.1449,2
-5.3989,68.6288,1
-32.7048,-71.2694,0
38.9914,70.5933,2
36.4511,68.7722,2
50.5649,-174.8369,2
-2.4951,-12.2795,2
2.9032,-31.2399,2
-28.3814,62.6111,2
21.1214,121.0554,2
37.4215,137.1761,2
-58.6234,-23.3329,1
-4.0222,-81.7315,2
-34.2206,-71.6465,0
-8.9505,156.2616,2
-9.3369,-79.0651,0
14.266,51.7999,2
53.4499,160.7164,0
1.9538,97.841,0
60.7653,-44.0278,2
-31.2708,-178.5371,2
-11.1836,112.5312,2
60.6565,-44.0513,2
-34.3817,-72.3721,2
39.389,26.1735,2
-3.8607,133.3183,2
39.4132,26.1996,2
1.5312,126.4499,2
-0.1516,98.4365,0
34.995,-3.9009,1
-2.4503,140.5724,2
23.5553,121.3817,2
51.1364,-176.3115,2
34.9885,-3.8382,2
17.4697,119.6884,2
37.48,141.643,0
-56.2146,-27.033,0
-3.8126,133.4759,2
18.8863,-68.9785,0
11.9253,92.6851,0
36.4673,142.8207,2
37.0889,141.4075,0
9.4149,-85.4756,0
-21.4235,-173.8922,2
-44.6567,167.3943,2
19.0126,-65.0768,2
-9.1062,-108.3352,2
-8.9725,-108.3976,2
-57.1278,-24.7008,2
53.2111,-164.3873,2
38.6604,75.7027,2
-7.516,147.1755,0
-14.9467,166.8791,1
-14.968,166.8093,0
-14.8069,166.7606,0
-15.0854,166.6611,0
-15.0113,166.6939,0
-15.0166,166.6938,2
-14.9915,166.8065,0
-15.1514,166.7468,0
-15.096,166.8104,0
-15.1308,166.712,0
55.9674,162.7364,0
-15.083,166.8052,0
-15.0718,166.7798,0
-15.2114,166.928,0
-15.0613,166.6785,0
37.7593,126.2251,2
-15.1455,166.9063,1
-15.0976,166.7282,1
-15.0979,166.9147,0
-33.0128,-71.3559,0
14.5763,144.248,2
-8.8989,-108.4395,2
-15.191,166.9059,0
-15.0776,166.9387,0
-14.9974,166.7066,0
-14.9368,166.7335,0
-14.9141,166.9082,1
-14.9506,166.7923,1
-14.9811,166.7238,2
40.3766,19.4481,2
-14.7608,166.9993,2
-1.1106,-13.7917,2
-14.9169,166.7465,0
-5.2367,153.3438,1
35.6632,25.7797,2
41.677,143.4264,0
42.1468,144.7675,0
-28.7761,-72.7934,2
-15.165,166.787,0
29.6048,-43.0026,2
23.4009,121.3485,2
-8.8299,111.1757,1
24.299,98.7509,2
51.3746,-178.3438,2
33.4069,142.1393,2
-8.8244,124.5,0
-15.0529,166.7779,2
-15.2211,166.8851,0
-15.5003,166.5448,1
15.9298,41.7705,1
-6.2921,104.8324,0
35.5311,25.8453,2
29.9764,-42.1407,2
-60.2634,-28.1877,2
-59.953,-27.8184,2
-5.5415,151.6366,0
26.705,96.5576,2
-39.1366,-91.3738,2
52.2201,159.8177,0
17.9865,-66.8863,2
18.8468,-64.405,0
-2.4396,140.704,2
39.4874,26.2503,1
38.6783,141.9108,0
12.2375,-88.1416,0
43.7612,-128.587,2
55.5064,-149.2594,2
6.0367,60.7381,2
19.238,-68.9336,2
11.7055,143.0853,1
27.6733,56.1838,2
-6.2834,147.419,0
-6.5427,151.9123,2
40.9488333,-124.0303333,2
51.0364,-178.161,0
-23.3379,-174.8566,2
-23.414,-174.7041,2
18.8263,-64.3388,2
54.6782,-156.8589,1
54.608,-156.7668,2
32.0539,105.0998,2
-0.9776,10.2588,2
-2.8053,141.8287,2
11.2892,91.8207,2
-5.518,102.8032,0
-14.7553,166.7974,2
-7.9781,129.919,2
16.6797,-98.9887,0
35.4541,139.2024,2
53.8453,-165.0471,0
23.2218,121.4519,2
-60.1415,-28.1733,2
12.5679,126.4033,2
60.1489,-141.0043,2
13.9966,120.5752,2
25.8265,128.3839,2
-2.8571,137.0171,0
50.3913,-177.2419,2
-14.7604,166.8762,1
-14.893,166.9404,0
-16.6398,-74.2667,2
43.9646,-128.7389,1
-55.6879,-26.4725,2
6.2073,60.8238,2
43.5974,-128.6681,2
-23.2118,-175.3039,1
-23.1878,-175.3489,2
-23.2975,-175.6789,2
43.6598,-129.0905,2
-6.7715,131.3913,1
46.2286,154.7309,2
-14.1378,167.7614,2
-14.6664,166.8198,2
-49.4965,-114.5705,1
-29.912,-176.9651,2
-49.8496,-114.2216,1
35.3383,141.0673,1
-49.6782,-114.4105,1
40.5213333,-124.9323333,2
-17.3917,175.534,2
-8.4401,121.5966,2
-25.4853,-71.0059,0
-3.8909,134.8086,2
-14.7053,166.9053,2
-59.943,-26.7417,0
26.8052,53.7556,2
19.1571,-68.9906,2
-9.9809,159.0549,2
37.1995,20.9112,0
-55.4413,-127.0283,1
-30.6176,-71.3759,1
43.9032,13.4288,2
-14.7624,166.4276,2
-23.316,-174.9481,2
18.9486,-64.2588,2
38.3867,23.5246,2
26.8041,55.2808,2
31.6045,82.9741,2
-5.6534,147.6327,0
-5.5669,147.7201,0
-23.1411,-175.139,1
-23.2673,-174.7142,2
-23.2748,-174.8658,1
-31.1674,-176.9682,2
-23.3615,-174.8354,2
-30.6411,-71.335,0
-15.0307,166.7492,0
-23.1518,-174.8672,2
-23.1214,-174.9788,2
19.6248,-92.4468,2
-2.4758,140.6567,1
35.5003,36.6702,2
-23.8183,69.6058,2
37.4773,137.3197,2
2.1524,125.9305,2
-0.2267,129.707,1
84.1027,108.789,2
34.593,25.241,0
-31.556,-69.148,0
11.1215,144.1738,2
-58.7235,-25.8105,0
40.5245,-124.41,2
44.341,79.2948,2
51.1057,-177.4307,0
23.9729,122.3377,1
-14.9138,166.5463,0
-2.803,138.4123,0
-20.738,-70.4016,0
18.3446,145.6785,2
-14.8661,166.7541,2
-5.0128,103.1291,1
-37.3729,30.9884,2
32.9751,92.4784,2
42.0287,46.4836,2
-13.5294,-74.3524,2
-30.9772,-71.7885,0
34.5684,23.9247,2
-7.3507,155.7238,2
-14.9489,166.7189,1
33.5663,-38.1987,2
-7.2371,156.1617,2
-3.8072,101.3371,0
-41.0212,42.855,2
55.18,162.8932,2
0.0894,125.9544,0
13.5884,125.3902,2
1.5787,126.7041,0
39.8623,143.0784,0
-13.4958,168.8074,2
16.0898,-87.501,2
38.4311,39.156,2
21.9399,96.0213,2
-15.5324,168.1496,1
0.7967,-28.8858,2
10.798,-40.9854,2
25.0491,125.8117,1
-14.9867,166.8837,1
11.4179,124.6414,2
47.3872,153.0932,0
41.165,142.3275,0
57.5872,-153.2038,0
-23.8534,-111.8992,2
0.7556,-77.3987,2
-5.508,152.2043,0
-54.1684,140.4939,2
41.4466,19.996,2
41.5072,19.9862,2
28.1272,104.9237,2
1.9837,97.9979,1
14.0226,-89.7977,1
18.7498,-68.3301,0
14.0685,-89.8253,2
52.3809,-169.9729,0
25.0131,125.7694,0
-7.902,128.4707,0
3.19,126.9637,0
-7.9049,128.4394,0
14.0805,-89.8596,1
2.2496,128.4193,0
-14.7056,166.8473,2
13.1731,-89.5441,0
-32.5669,-71.6774,0
-11.824,166.6554,0
-41.4285,-88.4007,1
35.7538,80.0339,2
14.055,-89.8418,2
35.7132,80.2659,2
-3.1103,142.0154,0
23.9258,122.4167,2
23.9367,122.3511,2
-0.8968,146.8626,2
-41.5322,-85.2327,2
-3.1121,136.5121,0
61.7203,-149.5519,1
41.468,20.0656,2
23.5913,92.4156,2
-10.8952,166.0671,2
21.1014,100.0762,2
14.4132,122.9785,1
-57.7429,-25.7569,2
-62.9531,-163.7912,1
-18.0921,168.1901,2
-10.2725,161.4435,0
-40.662,44.9473,2
-9.0476,112.5383,0
58.1583,-137.6322,2
-1.8101,99.6227,0
44.0252,142.3651,2
-15.2105,-173.0353,1
-34.9858,-107.0579,1
-2.8308,140.0516,0
24.3167,125.2224,2
-38.2043,-74.0207,2
16.578,144.6358,2
30.0294,131.0606,0
30.1983,130.9092,0
42.1313,-29.2871,1
36.4204,52.9186,2
-24.6041,-70.1141,0
14.3395,122.989,2
-16.6425,-73.7836,0
14.3703,122.9517,2
34.9167,14.1587,2
-9.0244,-108.9468,2
-17.7325,-171.1753,1
-50.1126,126.9657,2
-9.0648,148.127,1
-13.6338,-112.2623,2
-4.0783,133.3026,2
12.9782,-88.9521,0
14.2886,123.1735,2
52.2016,-169.8676,0
11.5023,95.1809,2
29.6383,101.7292,2
24.7752,125.4156,0
-13.1094,166.6574,1
-0.2132,97.5504,2
-1.3661,-15.3849,2
34.9232,14.2748,1
24.7915,124.8538,0
14.2601,123.0134,2
14.2402,122.9879,2
2.7306,127.0221,1
2.8239,127.0179,1
2.5854,126.9129,0
2.7322,126.9106,0
2.7108,126.9027,0
2.6154,127.0118,0
2.8174,127.1375,0
-30.3972,-71.9719,2
2.6982,127.1349,1
2.7897,127.1201,0
2.7363,127.079,0
38.4334,44.9458,1
2.716,126.9909,0
2.674,126.9412,0
-13.3508,66.8183,1
2.599,126.8006,0
36.9911,36.1694,2
2.6628,127.02,0
2.7378,126.9009,1
2.6702,127.1304,0
2.7211,127.1358,0
2.7955,126.9949,0
2.7838,127.1272,0
36.492,69.6013,2
34.9715,14.2761,2
2.7711,127.0537,0
38.3997,44.9477,2
2.8561,127.2252,0
0.9326,126.1034,0
2.7226,126.9833,0
2.6208,127.0252,0
-2.6854,139.6674,0
2.9276,127.0925,1
34.8554,14.2579,1
2.6606,126.9997,0
-11.0429,111.7727,1
2.695,127.0915,0
-10.9587,111.7241,1
12.2666,123.3359,2
34.9489,14.1932,2
-30.3249,-177.3951,2
2.6911,126.8984,0
38.2915,21.8411,2
2.6451,126.9312,0
11.4722,43.2172,2
23.473,142.2526,2
2.6921,126.8287,0
-17.176,175.5265,1
-0.857,133.5224,0
2.6671,126.8865,0
2.8378,127.0081,0
2.6461,126.7978,0
36.3005,141.9726,0
52.3329,-170.4106,0
12.1121,94.4701,2
2.801,127.2439,0
25.937,143.0309,2
19.8775,120.5851,2
39.488,25.8234,2
2.9459,127.2927,0
17.3215,-83.9099,2
33.7343,137.2383,2
-11.208,166.3807,2
-6.6529,104.1805,0
-64.4289,174.8642,2
38.5878,44.7612,2
-49.1112,65.9882,2
34.657,14.2292,2
53.407,-163.5692,2
2.7637,127.012,0
2.8043,127.0002,0
-15.0106,166.974,0
-58.8263,-25.4746,0
53.4846,-163.6103,2
2.656,127.0019,0
10.0936,93.5847,2
53.4086,-163.5485,1
2.8996,126.6652,2
41.3097,142.5275,0
12.6716,-88.9575,0
2.7749,126.987,0
2.9462,127.0475,0
4.3296,126.8131,0
19.6516,-65.7675,2
2.7909,127.0919,0
2.5129,126.5695,0
2.6248,127.1475,0
36.8096667,-121.531,2
1.1421,-85.3514,2
1.222,-85.3077,2
2.7314,126.8195,0
-21.3768,-174.1303,1
13.9676,-89.8728,2
2.6425,126.8328,0
-0.0559,98.4494,0
2.7685,127.1185,0
41.1286667,-123.8765,2
2.7314,127.0244,0
56.253,-149.7755,2
2.7117,126.9991,0
32.7149,23.4375,2
11.9045,-87.7379,0
38.7511667,-123.0948333,2
35.4553,80.4047,2
2.6943,126.9659,0
-15.4313,-172.9496,1
-15.0137,167.028,0
38.9015,70.6378,2
-56.2996,159.3339,2
38.9239,142.1003,0
42.0094,-29.3742,2
41.128,-123.8753333,1
4.2931,126.7468,0
3.5848,128.5719,1
3.0079,127.0761,0
2.8439,127.0225,0
-27.9526,-176.3063,1
34.4397,141.7096,2
-2.3748,140.7431,2
52.2905,-170.4259,0
2.9926,126.9301,0
44.943,148.0752,2
33.6574,81.8588,2
2.745,126.9444,1
-5.2579,101.811,2
37.7473,141.566,0
-5.2051,101.8081,2
2.8487,126.9995,0
2.6372,126.7544,0
-3.9917,34.3521,2
2.3923,126.7277,0
3.2514,96.195,0
2.7552,127.054,1
-18.2909,-70.755,0
19.3403,-64.8281,0
53.49,-163.628,2
19.3256,-64.8465,0
19.2971,-64.8208,0
53.4392,-163.6347,2
2.7721,126.9975,0
19.3221,-64.8171,0
19.2806,-64.84,0
-57.2805,-25.6604,0
-15.2035,168.2376,2
51.5549,-175.33,0
2.7842,127.0146,0
12.7217,125.1035,0
-28.3401,-176.0493,2
2.7651,127.0662,0
-28.3884,-176.7576,0
37.1807,141.5525,0
9.486,126.1542,0
-4.4634,132.8145,2
34.7103,36.3823,2
53.4323,-163.6601,0
50.9417,-179.2302,2
-27.3167,-176.5414,0
19.5368,-65.7323,0
-22.0651,170.3823,2
2.657,126.6547,0
2.7118,126.8934,0
5.0489,-82.6515,2
-12.0079,109.2384,2
-28.277,-175.9879,2
15.8285,-96.3798,0
57.4164,-33.2571,1
4.5674,94.9961,0
2.7214,126.9929,1
-3.8582,133.8265,2
2.4201,126.1014,0
6.4722,124.9072,2
52.3131,-168.6002,0
52.6599,-168.8097,0
3.9273,128.248,2
51.3888,-177.0633,0
28.2639,130.0506,0
57.3175,-33.3536,2
57.437,-33.2833,2
2.7978,126.9838,0
-20.8169,-174.1334,1
2.7671,127.2314,0
38.8689,22.9378,2
-3.1606,143.851,2
-2.8969,127.7539,0
-15.2179,-75.6858,2
2.7381,126.9916,0
-4.3567,144.0836,0
-2.6019,140.6559,0
2.7308,126.7271,0
42.5955,146.6294,2
18.1068,-67.0268,2
2.729,127.0199,0
2.8623,127.0919,0
12.9966,-90.9844,2
38.5293,99.0858,2
2.6826,127.0214,0
7.4286,-81.5713,2
-5.0609,147.8037,2
-20.8774,-173.7364,2
2.777,127.1631,0
23.4481,142.9353,1
-57.683,-23.7037,1
17.8768,-66.8725,2
-28.151,-176.4132,2
3.0671,127.4254,0
24.1693,125.2957,2
-22.0409,-174.6183,2
-8.1655,125.0673,2
-59.9666,-26.6346,0
23.9154,122.5742,0
18.007,-67.1566,2
-23.0003,171.6956,1
34.9739,14.1811,1
34.8666,14.13,2
-50.063,113.921,2
-22.0392,170.4645,0
2.698,126.9894,0
24.8836,93.079,1
37.1093333,-121.5168333,2
3.0151,127.0689,0
2.9525,127.0088,0
42.1809,-29.3784,2
3.1265,127.3272,0
-7.5811,104.0964,2
3.0014,126.9769,0
2.7568,127.0395,0
2.7944,126.899,1
2.8202,127.0015,1
2.1964,125.7186,2
-6.8426,106.9767,2
69.6054,-144.6979,2
-30.5562,-71.8185,0
2.7739,126.9144,1
5.3125,94.2435,0
2.569,126.3889,0
2.8182,126.944,1
2.8282,126.942,0
2.7746,126.8379,0
2.7848,127.0061,0
2.5213,126.4108,0
2.9043,127.088,1
2.8189,126.8519,0
2.8856,127.2573,0
2.6908,126.5906,0
2.9088,127.1235,0
2.9175,127.2949,0
-5.5573,149.3423,2
2.8298,127.3658,0
2.9076,127.1653,0
2.9529,127.2743,0
2.4837,126.2199,0
2.7818,126.9104,1
2.7244,127.1493,0
2.8528,127.0019,0
2.5936,126.7846,0
2.8675,127.2473,0
2.8419,126.954,0
2.8713,127.1987,0
2.6671,126.8508,0
2.8024,126.9746,0
35.1548,31.2583,2
-22.0796,-175.5029,0
2.8064,127.2083,0
29.5825,81.6638,1
2.8028,126.678,0
2.8339,127.0001,0
2.7706,127.186,0
52.5155,160.2644,0
2.806,126.9835,0
19.2801,-64.39,0
2.738,126.8597,0
3.0821,127.016,1
2.732,126.8924,0
50.073,142.51,2
3.555,128.5402,1
2.6127,126.6714,0
11.5272,142.8663,2
-6.0393,148.2416,0
-15.1306,-173.0872,2
2.6864,126.8087,0
-22.907,171.0033,2
2.9885,127.0439,0
31.67159174,-104.3897618,2
2.9423,127.2788,0
3.1604,127.0141,1
34.8772,14.3112,1
-5.1,34.9961,2
3.0899,127.3087,0
34.8523,14.2303,2
34.6292,14.297,2
-27.7485,63.8411,2
3.115,127.0491,0
37.5882,141.6818,0
34.8866,14.2409,2
-58.5251,-25.1162,0
9.1399,126.434,0
56.1588,114.1836,2
-26.3582,-71.3099,2
-22.9904,-176.372,0
18.5828,-66.7998,2
2.8827,127.133,0
4.6733,125.4956,2
-11.3522,119.4827,2
19.4056,-65.8381,2
19.1471666666667,-155.369,0
-3.4777,-80.7345,0
-12.1091,-74.1681,2
33.885,-118.7045,1
35.8515,-97.19116667,2
33.8863333,-118.7026667,1
35.7086,28.4965,1
-5.6795,153.6698,0
41.2404,84.1661,2
44.9396,80.9549,2
-31.23,-178.239,1
57.4916,-154.9097,0
19.0481,144.6581,2
2.8144,127.0816,0
2.8108,126.9383,0
35.7331,79.8502,1
35.6956,80.0682,2
14.8806,122.2849,0
2.7578,126.7581,0
3.1406,127.0219,0
-22.1603,-176.5684,2
-10.9286,111.7281,2
2.8254,127.2766,0
29.7306,101.9935,1
29.6412,101.9672,2
29.645,102.1106,2
29.559,102.166,2
29.7831,102.0678,2
34.8025,14.2155,2
20.211,146.2083,0
29.6904,102.0311,1
12.5018,40.5205,2
-59.4078,-25.8117,0
2.842,127.2438,0
25.7328,90.4362,0
2.6442,126.8692,0
2.8189,126.761,0
2.8807,127.108,0
16.6149,-25.6191,1
2.8391,126.9856,1
-0.1313,-77.4686,2
2.5517,126.6152,0
2.7188,126.7167,2
2.6363,127.1828,0
2.84,127.0684,0
-8.678,130.3069,2
2.7314,127.0085,0
2.7852,126.8024,0
44.2182,12.4353,2
-32.9027,-68.6518,2
-2.7431,152.1287,1
2.1104,97.8525,0
2.7983,127.0292,0
11.6466,43.9274,2
2.7257,126.7964,0
23.1742,123.4212,1
-18.278,-173.7563,0
2.6517,126.894,0
2.8409,127.1773,0
2.7809,127.0215,0
2.8814,126.8379,0
50.601,-172.6287,1
-41.8052,88.6422,2
2.7075,126.1618,2
2.7359,127.0258,0
2.7929,126.8576,0
2.709,127.3963,0
57.393,-33.3795,1
57.3255,-33.2748,1
3.061,126.9892,0
-15.4514,-172.9942,0
52.978,159.5062,0
2.7438,126.6932,0
-6.1766,147.9184,0
-19.9484,178.8704,2
10.0848,126.1192,2
-6.5808,104.0229,0
2.5014,95.8259,2
48.1713,154.6661,0
37.8662,141.6833,0
29.3378,51.2763,2
2.8127,126.8178,0
30.5806,50.4151,2
18.7795,-64.3253,0
16.9061,-86.1829,0
-6.892,107.8236,2
-2.8466,129.6137,2
52.4,-170.5529,0
-6.1432,150.288,0
51.5251,-175.7286,0
39.6189,74.7829,0
54.1674,-121.8641,2
60.2325,-138.1385,2
1.8846,97.0042,0
12.2823,144.0576,2
-2.0886,139.1736,2
0.7195,-27.8336,2
3.0504,126.9979,0
13.1191,145.615,1
44.2129,12.3668,2
-34.8091,54.3827,1
-32.8499,-178.3124,2
-3.7762,-80.4779,0
-10.7449,164.2166,0
33.5843,45.8112,2
30.6967,50.3487,2
49.0299,-128.4935,2
-2.4991,128.8589,2
38.1734,-117.8643,2
38.4199,44.9097,1
38.4811,44.9282,1
-7.8024,154.7385,2
38.6005,44.8287,2
-10.1625,115.8208,0
30.0471,142.1496,2
35.811,80.0799,2
40.5355,-124.3973333,2
2.9066,126.8881,0
2.8499,126.9825,0
38.6392,44.8223,2
5.5924,125.0567,0
-9.0108,67.3168,2
37.5621,20.9654,0
2.7358,127.0428,0
33.5931,72.8907,0
18.9213,-67.2011,2
2.7289,127.0706,0
38.4906,44.8693,2
-11.202,164.4829,2
38.4819,44.7507,2
2.9047,126.9938,0
2.8896,126.9662,0
35.7692,35.7431,2
38.5594,44.717,2
8.6633,-39.4174,2
8.5903,-39.4443,1
2.8623,127.0656,0
10.0711,125.8558,2
19.2312,-69.9049,2
2.8491,126.9433,1
2.6589,126.6496,0
38.5153,44.8139,2
60.0891,156.374,2
2.71,126.666,0
52.4676,-169.7176,0
-22.929,38.4732,2
-42.9534,171.9213,2
8.6083,-39.4903,2
40.0166,82.3702,1
2.6813,127.2482,0
-53.6656,-134.2022,2
2.7141,126.796,0
-6.3899,130.7461,0
34.8408,14.3173,2
-29.6903,-177.7602,0
-3.9456,133.3035,2
2.7748,127.2569,0
2.6811,126.7548,0
61.4949,-140.6929,2
23.2239,123.905,1
15.5066,119.4087,2
9.6802,-84.4658,0
16.7549,-100.1983,2
35.7367,79.8867,1
-22.4116,170.2024,2
37.8497,142.1119,2
57.153,-122.1865,2
45.7449,-110.5969,2
34.9098,14.2728,1
19.492,-67.1458,0
2.7173,127.1018,0
-9.6025,159.7462,1
-3.6451,-79.6826,2
7.1978,127.2493,2
2.4364,-30.6876,2
2.8084,127.1186,0
37.4221,59.9086,2
19.3364,-79.0088,2
29.33,130.53,0
-1.0108,134.5828,2
-5.2966,103.2863,0
-9.8409,-78.5357,0
40.1361,22.8003,2
7.7079,126.2252,2
17.9475,-70.3727,1
43.0645,-126.426,2
36.2121,68.7661,0
2.6118,126.924,0
-7.2931,107.6331,2
2.8386,127.0849,0
-33.6686,77.8245,2
2.9957,126.964,0
-1.9108,-81.428,1
-58.7104,-25.2878,0
14.0522,-89.9163,2
38.7397,142.9521,0
19.9292,94.2003,0
3.0003,126.8399,0
-41.7509,84.7918,2
-22.9752,-69.9606,0
27.0533,65.8629,0
13.3393,-91.4275,2
-19.0603,65.3234,2
12.2296,143.9133,2
26.6426,129.5647,2
-32.0811,-71.9028,2
-32.1009,-71.6603,0
32.6047,141.7094,2
-5.6197,103.89,0
-7.2013,106.0182,0
7.971,-82.5498,2
-37.636,175.7151,2
16.6977,-60.9434,2
8.0588,-82.5995,0
-6.2369,143.2156,2
-16.272,-73.8176,0
38.622,142.041,0
43.7281,-129.1272,2
-14.5964,166.7198,1
12.1271,-88.1708,2
61.5178,-140.6891,2
12.1254,-88.1894,2
52.3316,-169.4862,0
52.2801,-169.471,0
-58.9693,-61.1877,1
84.8818,7.8889,2
-20.8536,-69.8924,2
55.9242,-157.7989,0
5.827,126.1074,0
14.6868,146.6803,2
37.2003,36.4998,2
52.2704,-169.4108,0
51.9984,-169.1613,2
37.0348,96.9,1
37.0695,96.9059,1
2.6634,126.9692,0
36.7689,21.6393,0
2.6329,126.8298,1
2.4859,126.7121,0
2.8393,127.3198,0
-22.9301,-174.6258,2
52.3821,-169.4052,0
32.75482178,-100.6551305,2
32.75482178,-100.6529869,2
-30.5726,-71.1985,2
4.7968,127.0199,0
-7.0458,-80.8339,2
52.3482,-169.4719,0
34.3241,45.7059,2
-29.9382,-71.6597,0
-2.544,140.6838,1
39.2118,73.1038,2
-22.7557,170.6494,2
12.3347,-87.679,0
34.9107,14.2405,2
14.2083,122.9667,2
22.7357,95.9238,2
-29.9461,-71.6682,0
-29.4577,-72.4972,2
37.4442,72.6877,0
12.0666,-88.152,2
-6.5015,154.8523,2
12.5779,-88.3187,0
14.6538,119.5729,2
-0.3125,123.6679,2
-10.8026,165.3579,2
59.1507,-145.897,0
31.61968782,-103.9800113,2
-19.947,-173.2462,2
-8.4486,155.0863,2
32.655,141.6605,1
-33.3788,117.0992,2
44.8651,149.2316,0
55.9057,162.6616,0
-5.1316,153.2802,0
3.0078,126.8516,0
32.7725,141.7512,2
38.1675,-117.8921,2
2.2085,121.1987,2
49.9112,-116.3971,2
-5.1969,152.2893,0
20.4671,146.0461,0
-21.7834,-173.9474,1
-32.7313,-71.7525,0
16.8301,-99.7892,2
7.7496,126.0653,2
48.9265,157.3333,0
18.911,-68.4868,0
-23.0842,171.6517,2
27.1901,143.4904,2
2.8312,126.9788,0
64.4746,-17.7887,2
-2.4294,140.6999,2
7.3231,-72.0272,0
53.174,-167.5779,0
37.2256,37.0143,1
37.2252,37.0001,1
37.1893,36.8929,1
36.9921,36.6832,1
36.6696,36.4767,2
37.9792,38.5117,2
38.6055,40.5767,2
37.9828,38.1435,1
38.2407,38.7424,2
36.7205,36.6192,2
37.4756,37.1578,2
36.3603,36.1708,2
37.2073,36.5988,2
37.7175,37.3615,2
35.1453,35.3142,2
37.0302,36.6208,1
37.7238,37.8026,2
37.3512,37.095,2
37.7712,37.9141,1
37.9227,38.0613,1
38.1562,38.5195,2
37.9265,38.2237,2
37.2863,36.8539,2
37.4468,37.0449,2
37.1024,36.7301,2
37.4358,37.0658,2
-30.6076,-178.0254,0
37.1816,36.9658,1
37.4292,36.9502,2
37.4137,36.8216,2
37.5639,37.1467,2
38.1084,38.495,2
37.4941,37.2266,2
37.8697,38.3908,2
36.8497,36.3895,2
38.5461,40.4563,2
36.7084,36.3519,2
38.8297,38.8005,2
38.1475,38.435,2
37.9204,37.7822,2
38.1742,38.482,2
37.7127,37.8001,2
37.5003,37.3267,2
37.733,37.4257,2
38.1446,38.558,2
37.9268,37.8357,2
38.0773,38.5775,2
37.0297,36.7506,2
38.2368,38.5132,2
37.2442,37.1335,2
38.1656,38.65,2
37.7604,37.4251,2
37.3982,36.8946,2
36.6427,36.426,2
37.8315,37.3919,2
37.7658,37.4588,2
37.0844,36.9133,2
38.1847,38.6102,2
37.5236,37.2784,2
38.1845,38.5342,1
37.555,37.2001,2
37.2919,36.8854,2
36.3649,36.4413,2
37.7907,37.4444,2
36.7176,36.4733,2
37.4609,37.1603,2
37.7898,37.8568,2
37.3768,37.0793,2
37.4966,37.1888,2
37.7999,37.7821,2
38.0197,38.3054,2
37.3082,37.7106,2
38.0053,38.042,2
38.0957,38.2361,2
36.4188,36.2183,2
36.2975,36.2085,2
37.9116,38.2366,2
36.2606,36.2043,2
36.3265,36.4042,2
37.9201,38.4457,2
37.4072,36.9513,2
38.1199,38.3761,2
37.3961,37.1506,2
38.0564,38.2173,2
37.6427,37.394,2
37.47,37.0824,2
36.7139,36.4459,2
36.595,36.3297,2
36.7978,36.2602,2
35.6445,35.5034,2
37.8718,38.0812,2
-0.3604,123.1891,2
35.5907,35.5841,2
36.6219,36.4225,2
35.6075,35.3088,2
-3.6236,147.1525,2
36.1795,35.9229,2
37.4633,37.2102,2
38.0402,38.2553,2
37.7583,37.9812,2
36.9214,36.427,2
37.3147,36.7946,2
38.8229,39.4835,2
37.9287,38.3323,2
38.0106,37.1962,1
38.0315,38.0984,1
37.9962,37.2033,1
38.0249,37.8023,1
37.8722,37.3582,2
38.034,37.7967,2
38.039,36.8385,2
37.9155,37.8106,2
37.6189,37.9263,2
38.248,38.1847,1
38.6244,37.3766,2
37.9728,37.3801,2
37.8259,37.4436,2
38.0723,36.6628,2
38.0752,36.7588,1
37.9593,37.3732,1
42.8605,-78.7853,1
38.0274,37.7493,2
37.9321,38.246,2
37.9264,36.9995,2
38.1794,37.955,2
37.9417,37.351,2
38.0622,36.5678,2
38.1471,38.0506,2
37.9721,36.3402,2
38.0599,36.6805,2
38.0509,37.5686,2
38.0582,36.5114,1
38.0169,36.4016,2
37.9248,37.3761,2
38.0621,36.4541,2
37.8798,37.4824,2
37.9345,38.0571,2
38.0972,38.2339,1
37.9664,37.7885,2
38.0382,36.8659,2
3.031,126.8752,0
38.0519,36.864,2
38.1156,36.6841,2
42.8119,69.168,2
37.9978,37.4732,2
37.991,37.2762,2
38.0384,37.371,1
36.2541,36.2923,2
38.0104,36.6564,2
37.9077,36.5237,2
37.8011,37.9066,2
37.9951,36.3843,1
38.0367,37.3789,2
36.3959,36.3691,2
38.2669,38.3801,2
37.9231,37.5399,2
36.3454,36.4775,2
38.0166,37.7013,1
37.9405,37.4916,1
2.4404,128.7157,0
38.0588,36.4642,2
38.2079,37.8768,2
37.9944,36.4533,2
37.7257,37.385,2
36.8097,36.5387,2
37.9977,36.4927,2
38.0365,37.8572,2
38.1782,37.7439,2
38.0706,38.404,2
38.0378,37.8354,2
37.8791,37.7355,1
38.19,38.1756,1
37.868,37.8519,2
38.0709,37.5505,2
37.9972,36.9911,2
36.1064,35.7822,2
38.0912,36.433,2
38.0189,36.5048,2
38.0666,36.4607,2
37.9826,36.8994,2
38.0385,36.5982,2
38.0468,36.4364,2
37.4633,36.981,2
36.6625,36.4828,1
38.2354,39.1175,2
38.0007,36.5078,1
38.0112,37.4148,2
37.961,37.3379,2
38.1262,36.5145,2
38.097,36.696,2
37.0895,36.7386,2
-15.4623,-172.953,1
16.5957,-98.1903,2
38.0881,37.8449,2
38.1022,36.5286,2
38.1659,38.1633,2
36.9291,36.7256,2
36.9819,36.8786,2
37.9398,38.1889,2
38.0322,37.3231,2
37.989,36.3922,2
37.8505,36.6645,2
38.0086,37.2784,2
37.4801,37.1528,2
38.0516,38.1927,2
38.0339,36.3096,2
37.8934,37.6383,2
37.9649,36.479,2
24.2348,121.8534,1
38.0887,38.6825,2
37.2507,37.0859,1
38.0063,36.5773,2
36.1512,36.1819,2
38.2106,38.2511,2
37.9263,36.4655,2
36.7444,36.4904,2
38.072,37.034,1
38.032,36.5882,2
38.0814,36.8993,2
38.1918,38.1778,2
-8.8627,-109.3659,1
37.9513,37.4756,2
38.0473,36.4145,2
38.0613,36.5637,2
-8.79,-109.1973,2
37.9341,36.6247,2
37.9846,37.404,2
35.6037,35.3598,2
37.8431,36.6148,2
-7.2442,106.0073,1
4.3409,-74.2762,2
-55.3049,155.7786,2
38.0195,36.4624,2
38.0903,36.7693,2
38.0152,36.5543,2
37.4326,37.0521,2
-5.836,151.3977,2
38.0265,37.5093,2
26.8303,55.2235,2
38.6041,37.5154,2
38.1044,36.9078,2
45.0031,81.0171,0
35.9675,35.9849,2
38.0387,36.5733,2
37.3373,37.1197,2
37.917,37.6406,2
37.7639,37.7309,1
37.6089,37.3755,2
-0.2936,-16.7707,2
37.748,37.6323,2
36.2678,36.2151,2
37.507,37.227,2
37.7181,37.4217,2
37.9036,37.4321,2
13.2193,144.5526,0
36.8131,36.6306,2
32.5112,141.9484,2
-14.775,-173.3358,2
31.7237,93.6523,2
36.1531,36.3488,2
38.0668,38.1413,2
37.3357,36.8762,2
38.0342,36.455,2
49.1578,155.9024,1
38.3144,37.5808,2
38.0971,38.6398,1
36.8855,36.6006,2
36.5768,36.4539,2
38.1372,38.537,2
37.8817,37.528,2
49.513,-28.4226,1
38.1471,36.3693,2
-3.5923,126.5778,2
-3.5599,126.45,2
37.5226,37.1468,2
38.0164,38.57,1
38.3061,38.1915,2
-3.4127,126.6997,2
36.0958,35.9441,2
40.1816,23.6427,1
37.8696,36.6642,2
37.8906,36.6707,2
37.9808,37.6619,2
38.2171,38.263,2
50.9664,-171.2181,2
50.6917,-173.3448,2
36.0984,35.8449,2
14.3575,122.9823,2
9.5794,138.4239,1
38.0426,36.5803,2
37.3758,37.1447,2
37.9939,36.4771,1
9.7081,138.3681,1
36.0086,35.9967,2
37.9421,37.323,2
37.8896,37.6276,2
38.0002,36.4438,2
37.9358,36.6013,1
37.8659,38.2929,2
37.9172,42.8093,2
38.0472,36.9204,2
38.5889,39.9722,2
32.0866,35.2415,2
37.904,37.4957,2
-22.0314,170.7608,0
-10.6644,164.9618,1
7.1614,-76.9892,1
38.0663,36.5541,2
38.0992,36.5507,2
19.6438,-65.7015,0
36.0927,35.8637,2
38.0835,37.1939,2
37.8759,38.1193,2
37.1601,36.6433,2
37.1511,36.671,2
32.2337,49.651,2
23.7502,122.0522,0
46.4399,152.9221,0
38.0593,36.7087,2
50.2404,-129.8365,2
37.9558,38.313,2
36.2022,36.1959,2
5.4766,-82.6707,2
43.0018,145.3508,0
9.6523,138.4978,2
36.7009,36.3794,2
36.3259,36.2434,2
38.0061,36.4959,1
37.8795,37.7666,2
38.0337,36.5009,2
9.7874,138.108,2
37.1554,37.0022,2
23.3686,121.6164,0
38.0268,37.7704,2
37.9389,37.6611,1
37.9367,37.6179,2
-14.8733,166.694,2
-2.5466,140.6296,1
38.0802,36.8835,2
38.8457,37.2766,2
-2.644,140.5502,2
2.8377,127.0361,0
-2.629,140.6461,2
37.9312,38.2283,2
37.9963,37.4325,1
15.257,-94.7338,0
38.0953,36.6525,2
38.0396,38.5055,2
38.0391,36.953,2
16.7337,-86.0574,1
-4.914,39.3912,2
52.2111,170.4331,2
37.8218,36.5994,2
-2.523,140.6681,2
38.0244,37.1589,2
-2.5777,140.6658,2
39.7542,40.744,2
37.5096,37.116,2
-20.9002,169.1703,0
34.2985,36.2101,2
38.0531,36.5409,2
-5.4759,151.9698,0
36.3313,36.0996,2
38.1972,38.1247,2
38.2135,38.1703,2
28.3652,56.7895,2
38.512,40.4236,2
-27.9549,-176.2675,1
38.3957,39.284,2
38.4984,40.4216,2
37.8831,37.7147,2
36.8136,36.4252,2
-10.7038,165.0508,2
37.9889,38.5654,2
37.9616,36.3641,2
2.9113,127.2793,0
38.0951,38.4712,2
38.0679,36.6086,2
29.3184,130.5088,0
38.1849,38.1997,2
2.7848,127.0118,0
-2.598,140.5588,1
36.9611,36.6603,2
37.995,36.5954,2
38.0799,36.5452,2
-2.4756,140.5283,2
-55.715,-27.1882,1
38.0605,38.6406,2
39.1974,40.1831,2
41.0059,142.8197,0
43.8701,-128.6924,2
37.2659,36.9198,2
-10.76,161.6593,1
41.0349,20.2787,2
37.9921,37.7044,2
37.9544,37.7834,2
0.8799,92.8215,2
-30.3336,-177.7339,0
31.927,92.9392,2
38.0746,36.5194,2
49.2042,155.9481,0
36.1764,35.7977,2
28.4249,-43.7428,2
38.0264,36.6096,2
11.9815,-87.7379,0
-41.6888,42.5408,2
-1.2752,67.5616,1
-55.6128,-27.1036,1
37.1694,36.8496,2
37.1058,36.6317,2
-55.581,-26.9302,2
-55.8517,-27.5046,0
19.12,121.2107,0
37.8685,36.631,2
38.1343,38.2167,2
38.1736,38.1714,2
38.0858,38.451,2
55.6197,162.6046,0
35.0684,35.2669,2
38.0757,38.1756,2
38.1976,38.1375,2
-30.5273,-178.3695,2
7.5159,-36.8163,1
24.8629,143.4746,2
-55.4787,-26.8488,2
-14.8569,-173.5713,2
-30.1399,-177.9685,1
37.8868,36.2951,2
-22.3128,-174.4285,1
53.326,-167.503,0
38.1788,38.5981,2
-2.4938,140.7703,2
-6.034,147.7551,2
-2.2921,140.1828,1
38.0517,38.5848,2
-5.2686,153.341,1
19.166,-65.9586,2
-6.238,131.4613,2
-38.2035,-93.539,2
2.5779,126.7162,0
36.5556,36.5606,2
4.7432,126.5567,0
23.7578,114.5827,2
28.2808,56.8276,0
37.9489,38.4382,2
-6.8533,155.0086,2
37.8165,36.5708,2
51.4264,178.5108,0
37.9256,38.192,2
38.0647,36.5778,2
37.0598,36.95,2
3.5892,126.6923,1
38.0281,38.1329,2
3.5894,126.7198,0
3.6613,126.6914,0
38.1233,36.6274,2
23.3969,121.6211,0
36.4869,36.3096,2
-6.1146,151.9158,0
37.8492,36.67,2
38.0902,36.6163,2
38.8519,38.0757,2
37.9428,36.5034,2
-35.3616,-15.5697,1
41.9449,42.1521,2
36.268,36.171,2
38.1325,38.732,2
-34.8363,-179.8102,0
3.5825,126.7034,0
32.75115967,-100.6529869,2
37.7557,37.8675,2
36.6384,36.5737,2
-22.7031,69.1148,2
38.0249,36.4218,2
19.6173,-70.7705,2
43.5345,-110.3989,2
19.1498333333333,-155.370833333333,0
11.0738,126.1254,0
37.796,38.2326,2
13.1095,-91.3741,2
36.5324,36.4568,2
14.5482,-93.0984,0
37.9055,37.4792,2
-16.1568,-74.3193,0
38.1156,38.5843,2
35.0455,-3.8846,2
17.5544,-46.5341,1
35.5279,35.6189,2
41.8775,42.1528,2
38.0797,37.3193,2
41.875,42.2665,2
35.0177,-3.8262,2
31.682,69.9963,2
36.1158,36.3017,2
38.1339,38.2786,2
14.7707,-87.3034,2
-1.5979,134.1792,0
26.3749,92.9259,2
10.1176,126.5319,1
37.9553,38.2894,2
-40.725,-85.253,2
37.8149,36.7003,2
32.7573,141.9984,2
26.4721,141.8049,0
38.824,38.031,1
38.083,36.6197,2
-1.6638,134.0766,0
0.7983,-26.287,2
27.9015,53.8188,2
37.3429,36.9989,2
-6.2768,152.109,2
37.2623,37.0849,2
17.1552,-61.0709,0
36.5999,36.8854,2
-0.1556,125.7455,0
36.0389,35.8488,2
-41.3922,-87.7246,2
10.9927,125.988,0
27.986,88.0003,0
38.0251,36.6342,2
5.0528,126.6853,0
-29.9065,-177.9672,0
2.8039,126.9024,0
37.695,141.6575,0
-22.2048,-175.4129,0
28.6125,52.0362,2
16.0878,-118.6115,2
19.4635,-65.7931,0
-38.7031,177.8565,2
-26.5677,-71.3857,2
9.8043,126.4278,0
43.5487,-107.4026,2
-23.0232,-114.5197,2
36.8844,36.6204,2
3.342,126.844,0
18.714,-64.5876,0
38.0402,38.589,2
45.1309,23.1834,1
37.8703,36.2865,2
0.4212,129.3998,2
-52.4396,26.4463,1
-10.7477,115.9522,2
42.4829,145.0971,1
38.8964,92.673,1
38.0051,36.42,2
38.3583,23.3846,2
18.5112,-106.2914,2
18.8472,-68.6363,2
-21.9053,-70.2645,0
67.6781,-18.7496,2
67.5751,-18.6785,2
-1.2764,149.0653,2
67.569,-18.5311,2
67.6499,-18.8686,2
67.7822,-18.6147,2
36.781,36.1142,2
37.9138,144.4757,2
-7.2446,130.78,0
-4.7514,133.8255,2
11.0748,-86.3733,0
36.0172,36.1295,2
37.8316,37.9533,2
45.0998,23.2013,1
35.5292,35.4049,2
-30.2226,-177.3526,0
38.0849,37.166,2
5.2468,-82.8845,2
41.5071,-126.1444,2
31.1444,141.9862,2
52.2321,-170.1427,0
-29.9185,-177.4781,0
-29.7801,-178.5678,2
38.5302,37.4908,2
-16.8326,175.9188,1
55.084,162.0819,0
36.7937,36.5503,2
-58.737,-25.4515,0
-58.7698,-25.339,1
44.4771,149.0066,0
8.0014,-37.0823,1
7.8855,-37.0106,1
56.3529,162.9965,0
38.0945,36.7069,2
19.1136666666667,-155.407166666667,1
51.2181,-179.1863,1
38.0187,36.4651,2
54.7177,161.4539,0
12.2474,123.8139,1
3.9801,128.6382,2
40.384,-125.2376667,2
40.5723,35.3842,2
15.9909,-84.7565,2
2.9209,126.913,0
-5.7185,153.7739,0
-29.2472,-112.1024,2
-18.5245,-173.0549,1
-8.0635,117.8628,2
12.3099,123.8605,1
6.7146,125.5523,0
38.0487,36.6395,2
13.5026,-90.0975,0
37.3595,36.8701,2
21.2059,100.0009,2
45.0887,23.1279,2
51.9035,105.3635,2
55.8999,113.5555,2
2.7019,127.2149,0
25.1917,91.8394,0
-30.2066,-177.5197,0
38.0817,38.5211,2
-15.0306,167.0391,1
22.0371,-106.2409,2
19.5974,-73.6826,1
44.9646,14.7077,2
14.8781,119.8148,0
32.7456665,-100.6594179,1
35.9743,35.8103,2
13.178,-91.2382,1
38.1997,37.8377,2
-5.391,34.8867,2
-21.864,-11.6511,1
37.9197,37.5097,2
-21.7474,-11.6306,2
37.3017,70.5188,0
7.5356,-36.7739,2
36.1766,35.7967,1
43.9561,-129.0271,2
-30.8474,-177.6422,2
-49.5277,163.8152,2
12.3689,123.7775,2
19.0655,-69.1139,2
13.9677,-92.6298,2
61.5269,-150.5443,0
37.8609,37.9524,2
39.1851,40.1492,2
23.9454,121.4889,2
26.5537,128.6692,1
12.3097,123.6697,2
86.1738,71.3345,2
1.0243,-28.0775,1
40.2781,142.1305,0
-5.4548,34.9896,2
50.4493,-129.6833,2
-29.9009,-177.4604,0
51.8915,-177.9531,2
-7.5053,156.1154,0
45.0763,23.0763,2
19.8027,-62.2987,2
-5.6106,35.2169,1
-6.6176,132.106,1
14.962,-93.454,0
-30.0254,-177.0453,2
34.0568,130.3669,2
11.837,142.4323,0
-30.0029,-177.1542,2
37.9375,36.3279,2
38.6273,39.642,2
43.8127,147.2858,0
53.1996,160.1056,0
-11.4581,118.267,2
70.1187,-144.2321,2
-8.1979,115.8285,2
-60.3267,-24.326,2
-20.1164,168.7354,1
-22.3827,-174.4109,1
32.184,142.5755,2
-2.8851,130.3161,1
38.073,37.1651,2
16.014,-97.2014,2
-27.9436,-176.8333,0
4.256,94.4484,2
10.2363,-84.1734,1
62.8651,-148.197,0
7.4362,-36.0992,2
23.693,120.7125,2
37.9217,38.1144,2
35.8281,25.509,2
24.279,98.0811,2
38.0696,36.5991,1
-55.6068,-28.166,0
37.2818,20.8574,2
-8.6794,123.6667,2
0.5305,119.579,2
-55.4183,-27.8042,1
-5.6477,153.9648,0
-55.5001,-27.9865,0
-19.9435,-71.0087,2
-55.3098,-27.7195,2
38.0406,36.2306,2
-1.1134,-80.8114,2
-19.9657,-71.1633,1
37.1416,36.8384,2
-1.2699,28.1163,2
37.2737,36.8291,2
37.3021,36.8869,2
-5.9701,149.3311,0
9.1028,126.1694,0
52.7731,-168.1467,0
7.468,-36.218,2
2.1412,126.0732,0
12.4365,-87.5389,0
-60.2672,-44.9292,2
2.8509,127.0043,0
37.0134,141.3369,0
34.8812,14.153,2
52.1322,-169.3637,2
52.1298,-169.4062,2
38.2354,38.1917,2
-17.7482,-172.8349,2
-12.7518,66.364,2
-58.4121,-23.2213,1
-13.5973,172.0583,1
-10.3082,160.9995,0
34.699,32.9989,2
2.4206,125.9377,0
8.0425,-37.3249,2
-12.8315,66.3765,1
-30.1668,-177.4333,0
9.0009,126.1626,0
-6.8928,155.0702,2
63.5446,-157.9062,2
-12.7438,66.3517,1
0.9002,125.9601,0
53.032,160.603,0
37.3725,36.8705,2
10.0881,-84.2876,2
2.7233,126.9943,0
38.2676,38.8212,2
2.7197,126.9851,0
38.6445,39.9175,2
38.6907,39.9843,2
-10.6969,161.6907,0
38.6528,39.9381,2
38.6331,39.9916,2
38.7236,14.1456,2
1.9113,96.6141,1
38.0024,36.7996,2
15.2022,122.8013,1
38.6405,39.9601,2
-22.4339,-174.446,1
-10.1994,113.5497,2
-55.456,-28.0684,0
48.7357,-128.9459,2
-3.8644,133.4302,2
51.4623,-178.6744,0
36.1616,36.0251,1
36.159,35.9351,1
36.0101,22.1487,2
36.2653,36.0798,2
-29.7066,60.408,2
-6.9452,154.5441,2
-9.8056,160.2453,1
7.6647,-36.116,2
36.105,35.9906,2
36.2572,36.1266,2
4.6575,-82.7767,1
-4.2796,102.192,0
35.9531,35.9447,2
38.0175,37.3695,2
27.1369,143.3638,2
27.1097,143.426,2
43.2845,13.3723,2
-19.0786,-70.1661,0
27.1268,143.4432,2
-40.3965,78.1042,2
27.0834,143.4725,2
3.0397,126.2768,0
27.1583,143.5007,2
27.0268,143.4256,2
-6.8918,155.2845,0
0.3205,96.6363,2
2.6033,-84.4845,1
15.2852,96.1335,2
56.8378,-153.048,1
27.7828,55.3567,1
64.6683,-17.6801,1
38.1698,38.4896,2
37.4411,37.2074,2
23.4,121.955,2
38.0685,37.43,2
15.3277,123.1095,2
36.1158,36.1459,2
-6.2551,130.0966,1
-55.5271,-27.1787,2
31.7809,93.5414,2
27.1222,143.5156,1
2.1626,-100.9803,2
-3.1039,127.3935,2
1.8253,93.8795,1
19.322,-64.4375,0
-41.5765,173.5591,0
15.128,-94.8084,2
-8.9724,127.1725,2
27.107,143.4588,1
26.809,141.2634,2
27.7531,55.2852,1
27.0622,143.3839,2
-63.5377,-166.8485,2
17.6515,-72.3029,2
13.3771,-89.7082,0
38.0463,36.6397,2
33.6342,34.6394,2
-52.184,141.3119,2
45.0358,23.0526,2
38.4898,40.3081,2
31.67352601,-104.374706,2
38.0395,37.8449,2
29.6254,81.5737,1
31.6721879,-104.3682345,2
9.2648,93.945,2
-55.6677,-144.45,2
41.8282,82.1668,2
12.1038,123.5089,2
51.6865,-173.3403,0
3.4848,95.6365,0
38.6361,22.0933,2
-30.1063,-72.15,2
-35.7431,-73.1611,0
1.1403,127.4941,2
-35.7033,-73.149,0
38.1577,-117.8891,2
38.0438,38.3872,2
23.9695,121.7576,2
10.1495,124.9837,2
53.7283,98.5343,2
-48.7678,108.5598,2
38.0552,73.2287,1
37.9117,73.0303,2
38.1349,73.0657,1
38.2189,73.1588,2
38.1585,73.2079,2
38.0547,73.0006,2
38.2408,73.1864,2
37.603,73.6046,2
38.0157,73.2867,1
37.7803,73.3229,2
37.9445,73.5144,2
38.2621,73.1208,2
27.1336,143.4573,2
27.1702,143.4804,2
-30.3563,-71.8526,2
-30.39,-71.6309,0
37.2286,37.0909,2
-59.2282,-17.1591,1
-8.5549,-77.621,0
38.3267,73.0051,2
18.7946,-63.9205,2
38.1333,73.1456,2
15.1557,-104.5558,2
-33.901,-73.2549,1
38.3919,72.9453,2
38.0035,37.7419,2
-19.0571,-173.6941,1
-14.7265,166.9289,2
1.2873,126.7287,0
36.0589,36.095,1
3.5622,126.5283,0
-11.7096,116.4107,2
-6.0563,-106.5137,1
51.1043,-179.1203,0
39.6657,142.0799,0
13.6893,-91.5235,0
30.1565,32.3957,2
-26.7049,-71.3113,2
-32.0873,-71.8963,2
-32.0852,-71.8367,0
-6.0644,149.8102,0
18.5574,-63.363,0
9.7878,92.6004,0
3.7003,128.7389,2
38.1086,73.1907,2
54.3574,-161.4979,0
52.8399,172.4594,0
9.6508,57.9175,2
37.9736,33.9905,2
14.072,146.7009,1
58.231,-155.1899,2
38.7865,37.3025,2
2.8649,126.1296,1
12.1631,143.972,2
8.5549,127.1036,2
35.2752,35.239,2
38.0934,38.7162,2
38.2836,73.1652,2
55.0733,-155.5636,2
59.0284,-151.1926,0
12.0985,143.8638,2
-55.2783,-27.9609,1
-55.3437,-27.9478,2
-25.0478,-70.9076,2
38.9781,41.0714,2
39.0723,141.8127,0
36.0592,35.9528,2
-57.9059,-23.9398,2
-5.6564,103.855,0
18.7931,-106.6729,2
-47.2908,-13.3171,1
-9.0781,67.3083,2
2.948,126.6357,0
51.621,158.5476,0
15.4112,-104.5171,2
15.2189,-104.1764,2
-21.6383,-70.2945,2
15.1845,-104.417,2
17.3602,-83.7827,2
38.3654,37.4414,2
24.5731,124.9373,0
-5.216,68.0128,2
27.1053,126.7351,1
37.9797,33.9876,1
21.0328,92.5067,2
-55.6023,-25.7503,2
42.8258,145.0212,1
46.2185,153.0932,2
22.5275,121.4044,2
-36.8676,-73.415,2
51.8788,-173.8194,0
54.3861,-159.6468,2
54.8022,-159.9909,0
-11.2217,165.6226,1
53.5521,-163.214,0
-16.2083,-172.7623,2
38.2447,73.085,2
-16.8834,-176.9365,2
-6.0883,149.828,1
20.1216,120.3993,2
-6.1087,149.865,0
-6.2009,150.151,2
-6.1446,149.8816,0
-23.2572,-13.2758,2
5.6459,126.2682,0
38.0353,37.0903,2
-11.3429,165.7914,2
53.2962,-165.1223,0
1.7709,125.8777,2
38.4424,87.6742,2
29.7352,81.127,2
1.328,122.8883,0
19.1025,121.1144,1
-60.633,-51.5113,2
37.4449,141.5225,0
52.1907,-172.6156,2
-30.2459,-177.6203,2
-30.2208,-177.431,0
-30.2776,-177.5325,1
-30.393,-177.813,0
-30.3279,-177.7438,0
8.4225,-82.8067,2
13.8138,-92.1974,0
-40.2713,-16.2816,2
51.51,-178.2933,0
18.9195,-68.7108,2
42.2682,146.5158,2
-9.6772,122.8758,0
15.2753,-104.6608,2
42.0818,79.9463,1
-4.4642,132.8347,2
56.3766,-148.3205,2
41.8209,79.8399,1
-59.8188,-25.3746,2
-1.614,120.2491,1
-32.7799,-178.9952,1
17.5469,147.4765,1
-1.5833,120.4247,0
30.1103,131.0091,2
37.8722,37.5853,2
-5.8854,-80.8696,0
38.0706,73.0467,2
-1.6197,120.3439,2
37.9189,37.0464,2
36.6204,35.704,2
32.5003,141.5167,2
30.5081,-41.8799,2
30.5183,-41.911,1
38.2144,38.2773,1
-5.6873,-80.8196,0
57.297,-154.2645,2
14.2126,-91.9996,0
-55.2996,-27.2046,2
7.9175,127.2609,2
-5.5852,149.9691,2
18.6047,120.3833,2
38.5684,142.0511,0
39.4048,74.0804,2
37.9433,73.042,2
38.2315,73.0361,2
-30.4981,133.8849,2
-20.9729,-70.8725,2
-20.9867,-70.8467,2
-49.9924,111.9589,2
38.2434,38.2911,2
-15.3703,-73.874,0
51.9962,171.3899,2
35.8736,140.9826,0
38.0772,73.2404,1
-40.1734,46.1079,2
-31.1845,-65.8028,1
-31.5506,-177.9907,2
-41.391,174.1576,0
27.0982,126.8241,2
-30.0714,-71.3574,0
0.2079,30.0065,2
13.9552,-92.9879,2
19.566,-65.3656,0
32.932,141.7018,1
19.5585,-65.46,0
13.3348,-92.9854,2
6.6808,60.2231,1
19.5698,-65.4801,2
14.202,146.7911,2
37.4289,36.4287,2
-19.0466,-71.0023,0
35.6128333,-117.4165,2
37.7893,36.7056,2
1.3696,125.7758,0
29.6162,101.9744,1
37.9073,36.7306,2
38.714,35.3935,2
35.6758,140.7378,0
35.9146,22.2039,0
27.8012,55.3104,2
6.3003,126.286,0
41.0174,19.7343,2
23.9005,99.5462,2
-35.9133,-103.0166,2
37.2588,36.992,2
1.3388,125.5559,0
13.6009,-90.7301,0
1.3991,125.4671,2
29.2903,130.5327,0
2.6997,126.5308,0
51.8647,-177.9461,2
31.61345334,-103.9891287,2
37.2808,37.0318,2
-22.5991,-175.0747,1
-22.5991,-175.0747,1
17.8244,146.3299,2
17.8244,146.3299,2
19.5491,-65.3798,0
19.5491,-65.3798,0
37.9019,36.8966,2
37.9019,36.8966,2
37.7611,37.8869,2
37.7611,37.8869,2
2.3561,127.4677,2
2.3561,127.4677,2
59.0067,-151.168,2
59.0067,-151.168,2
66.3394,-154.652,2
66.3394,-154.652,2
36.3065,36.097,2
36.3065,36.097,2
-17.7088,-74.5254,2
-17.7088,-74.5254,2
41.3069,44.0089,2
41.3069,44.0089,2
-6.0936,149.8476,0
-6.0936,149.8476,0
-13.6619,-111.2689,2
-13.6619,-111.2689,2
-60.3018,-27.0797,0
-60.3018,-27.0797,0
27.4834,142.7793,1
27.4834,142.7793,1
13.7299,120.2291,0
13.7299,120.2291,0
9.071,122.4983,2
9.071,122.4983,2
-16.3793,-73.9603,0
-16.3793,-73.9603,0
37.2659,37.0676,2
37.2659,37.0676,2
-34.7881,-71.8496,0
-34.7881,-71.8496,0
14.1495,146.8086,1
14.1495,146.8086,1
44.4887,149.5786,1
44.4887,149.5786,1
38.0296,73.0064,2
38.0296,73.0064,2
15.5169,-94.8364,0
15.5169,-94.8364,0
-1.0701,137.0767,2
-1.0701,137.0767,2
-54.881,-31.5706,2
-54.881,-31.5706,2
-1.0061,137.2045,2
-1.0061,137.2045,2
-6.222,154.4337,0
-6.222,154.4337,0
-13.1322,166.4522,0
-13.1322,166.4522,0
-55.0543,-31.5432,1
-55.0543,-31.5432,1
-55.157,-31.5822,2
-55.157,-31.5822,2
43.4257,147.1071,0
43.4257,147.1071,0
33.2865,139.5226,1
33.2865,139.5226,1
63.8634,-153.218,2
63.8634,-153.218,2
32.4914,135.7364,2
32.4914,135.7364,2
13.9646,-92.8196,2
13.9646,-92.8196,2
-54.7092,-31.4228,2
-54.7092,-31.4228,2
28.3307,87.3045,2
28.3307,87.3045,2
-6.8166,155.0301,2
-6.8166,155.0301,2
33.266,139.4492,2
33.266,139.4492,2
1.074,120.2034,0
1.074,120.2034,0
14.3168,-93.7462,2
14.3168,-93.7462,2
14.348,-93.73,2
14.348,-93.73,2
2.8152,127.0643,0
2.8152,127.0643,0
-41.0493,-74.0589,0
-41.0493,-74.0589,0
-5.0384,35.0872,2
-5.0384,35.0872,2
9.0645,122.6983,1
9.0645,122.6983,1
16.1726,93.3461,2
16.1726,93.3461,2
24.5077,121.8587,2
24.5077,121.8587,2
-15.3766,166.3907,1
-15.3766,166.3907,1
-15.0524,166.5727,1
-15.0524,166.5727,1
-15.056,166.6459,1
-15.056,166.6459,1
-14.9061,166.672,1
-14.9061,166.672,1
-15.2415,166.5078,2
-15.2415,166.5078,2
-15.223,166.6972,2
-15.223,166.6972,2
-15.0157,166.4464,2
-15.0157,166.4464,2
-14.8304,166.5139,2
-14.8304,166.5139,2
-15.136,166.5063,2
-15.136,166.5063,2
-21.2549,-174.1087,2
-21.2549,-174.1087,2
-15.1597,166.5118,2
-15.1597,166.5118,2
-14.8619,166.6438,2
-14.8619,166.6438,2
-14.8153,166.5388,2
-14.8153,166.5388,2
-14.9188,166.7031,2
-14.9188,166.7031,2
-14.8286,166.7535,2
-14.8286,166.7535,2
-14.935,166.5056,2
-14.935,166.5056,2
-14.7795,166.5857,1
-14.7795,166.5857,1
-14.8608,166.5757,2
-14.8608,166.5757,2
-11.9709,165.9992,2
-11.9709,165.9992,2
-14.9083,166.6146,2
-14.9083,166.6146,2
0.3938,125.7131,0
0.3938,125.7131,0
-14.8517,166.6747,2
-14.8517,166.6747,2
-14.891,166.7167,1
-14.891,166.7167,1
-14.9164,166.7793,2
-14.9164,166.7793,2
-14.8973,166.7618,2
-14.8973,166.7618,2
-14.7949,166.7227,2
-14.7949,166.7227,2
38.7876667,-122.7821667,2
38.7876667,-122.7821667,2
-14.9989,166.8639,2
-14.9989,166.8639,2
22.5092,102.6017,2
22.5092,102.6017,2
-14.8493,166.7892,2
-14.8493,166.7892,2
-21.3179,-174.0117,2
-21.3179,-174.0117,2
-14.8101,166.7173,2
-14.8101,166.7173,2
-14.9504,166.7012,2
-14.9504,166.7012,2
-15.088,166.615,2
-15.088,166.615,2
-59.3463,-18.0583,1
-3.8512,101.8071,0
-14.7756,166.5553,1
16.7388,-101.0501,2
29.8612,94.9521,2
-9.022,153.4656,2
-17.1247,-72.6624,1
12.4626,144.1219,0
37.8395,36.7004,1
-59.403,-17.9994,1
-14.8043,166.7205,2
-1.7176,120.0864,0
-33.5539,-72.0744,2
-4.8468,134.1151,2
-14.7392,166.6184,2
-10.8483,113.3758,2
-14.9889,166.5526,2
27.3128,142.9603,2
48.6345,142.5014,2
51.4275,178.8147,0
19.2058,-66.5738,2
23.9839,122.2408,2
-5.4874,153.4236,2
-30.8827,-13.4117,1
17.4968,120.6119,2
-16.0716,-74.4062,2
8.2866,-72.2121,2
-54.9017,-31.5285,2
-32.2515,-178.7338,1
19.1308,-66.5198,0
-54.9355,-31.4002,2
19.2288,-66.5566,0
38.0299,38.2134,2
0.5497,30.1188,2
1.4774,67.6808,2
19.2018,-66.5618,0
0.3734,30.1049,2
51.617,-173.7718,0
-56.3725,-25.2983,2
-6.0277,147.9364,2
0.3911,30.0989,2
25.1919,128.3415,1
51.0698,100.0627,2
-2.6248,121.9255,0
-9.2482,123.9874,0
-31.0671,-13.4897,1
-16.641,-173.279,1
-9.6041,125.0782,0
13.1138,-89.3001,0
-2.9042,139.7327,0
51.4376,-177.5034,0
38.0909,73.2536,0
-22.0699,-70.346,0
51.1216,159.6651,2
-14.6451,166.8449,2
55.8741,164.2253,0
34.7587,38.0259,2
25.7487,-110.1881,2
7.472,126.2112,2
7.5053,126.1941,2
1.9614,-84.3058,2
-16.1425,-73.4704,0
7.4962,126.1305,2
7.5373,126.1657,1
36.7867,36.1842,2
-28.1573,-71.4059,2
38.2949,73.183,2
-55.7137,147.3366,1
18.8678,-64.3473,2
43.8111,147.8016,0
7.6244,91.7592,1
19.1715,-68.2783,2
26.2173,67.4737,2
-9.3706,112.4379,0
-5.7178,151.4255,0
36.1816,36.0375,2
-11.8106,65.5426,2
53.8626,-163.9123,0
-6.469,142.7984,2
37.9373,37.9093,2
-29.6506,-71.5163,0
36.1213,36.1681,2
12.0446,-87.9326,0
-60.9065,-33.423,1
36.2202,36.0072,2
-29.0426,-176.8081,0
38.197,37.2109,2
-7.0464,146.9573,0
2.8518,127.1472,0
19.2023,-67.9693,2
12.1184,-87.996,0
12.148,-87.9637,0
36.1589,36.0428,2
42.3233,144.5598,1
15.4629,-94.17,0
-14.9406,-173.1463,2
-0.1482,120.3173,2
5.3828,-77.5523,1
7.4941,126.0567,1
51.6303,-178.4944,2
-6.4702,104.0023,1
7.6315,126.2526,1
-17.2098,-65.5349,1
19.5408,-64.8995,0
31.66331812,-104.3533553,2
37.6641,36.608,2
13.3077,92.4291,1
7.5797,126.205,2
-35.3208,-106.2205,2
38.6363,35.2749,2
38.7072,35.3412,2
2.5012,128.5099,0
51.1595,-179.2687,0
54.6305,-159.7172,0
54.5175,-159.5985,0
-3.1576,150.6188,1
-3.4427,150.6625,1
38.8412,37.3634,2
36.5941667,-121.2011667,2
7.6301,-82.4252,2
19.0971,-68.5058,2
-49.6349,126.228,2
7.5524,126.25,2
12.7467,145.0866,2
-0.2533,124.5471,1
23.8718,114.494,2
-2.4579,140.8291,2
-6.6588,101.5062,2
38.035,73.2756,2
35.2902,-35.1029,2
8.7188,122.046,2
-5.0662,153.1953,0
10.2138,56.9362,2
8.6389,125.7669,2
7.4045,126.0947,2
-5.421,35.0587,2
51.7636,-174.6688,0
-22.5857,-174.583,2
38.2311,73.0709,2
0.5931,-80.1644,0
49.9149,157.3424,0
34.9928,14.1158,2
50.0891,157.4709,1
31.6662738,-104.3584941,2
36.3674,142.6587,2
61.282,-140.5725,2
-6.5007,155.0307,1
-33.8468,-73.3156,2
-4.6275,153.2507,0
50.2338,-129.6069,2
7.4576,126.0872,2
-56.0944,-143.8698,2
11.4051,141.4626,1
36.3756,140.4492,0
11.3583,141.3818,2
-14.8392,166.6021,2
-11.7368,112.0314,2
-42.7139,41.9433,2
-14.1343,-75.7026,0
51.4801,159.8688,1
52.5936,-166.4296,2
-9.9605,159.5546,2
61.4849,-149.4493,0
23.9272,122.6314,2
14.1879,146.7306,2
-14.7354,166.5882,2
51.338,159.4903,2
19.1738333333333,-155.497333333333,0
36.4788,19.8034,0
-5.3371,34.8318,2
13.658,146.6671,2
38.0169,73.0576,2
51.569,178.0494,0
51.1129,159.6825,2
-19.5405,-69.814,0
51.468,159.845,1
11.9506,-87.9614,0
-14.8805,-177.0797,2
51.9277,-178.0096,2
16.462,-95.1211,2
45.9649,153.0799,2
51.2662,159.7965,2
51.4205,159.8541,2
51.9825,-178.1836,2
43.7326,-128.3514,2
18.9153,-65.1506,2
-6.7261,151.0195,2
16.8006,146.1474,2
51.5836,159.8319,2
51.5374,159.8042,2
16.8577,145.9199,2
51.5572,159.8514,2
-20.7772,-69.7446,0
51.916,-178.1433,2
-30.0468,-176.7989,2
34.6381,141.38,2
43.267,12.3032,2
-15.3462,-173.1757,2
51.9545,-178.123,2
-37.1081,-74.0031,2
-19.3662,169.653,2
38.0443,38.4499,2
43.2824,12.3414,2
43.2648,12.336,2
-9.6272,119.67,0
-6.7705,150.0769,2
38.0554,38.4498,2
51.8862,-178.0922,2
-6.4851,143.5868,1
8.8109,125.9778,2
38.6968,35.3499,2
8.4835,126.5137,0
37.175,-104.7339,2
7.5186,126.1503,2
51.8894,-178.0862,2
51.841,-178.1277,2
2.5626,126.9011,0
-29.9299,-177.3857,0
37.9912,37.4971,2
24.8036,-45.9536,2
10.2706,122.4297,2
51.2151,160.1594,2
-4.1684,152.9744,1
51.3433,178.3363,0
-4.6792,152.6884,0
14.098,-91.4625,0
37.712,-107.8469,2
13.3532,-89.58,0
12.6602,124.8346,0
37.2057,-104.7425,2
45.4593,150.6327,0
-6.7662,132.4641,0
19.1361,-66.555,2
51.9655,-178.1293,2
51.8551,-178.1015,2
-6.9525,154.8633,2
-22.5132,-174.136,2
-7.133,154.8608,2
-31.0349,-178.0464,0
-22.4086,-174.4165,2
42.182,142.9465,0
35.7034,140.1093,0
51.8234,-177.9877,2
37.1696,-104.7283,2
5.3124,-78.1883,1
15.9383,146.9761,0
51.8515,-178.0519,2
31.3438,141.7547,2
31.3442,141.749,2
51.2254,-178.2732,0
-45.6632,-77.3216,1
1.9672,97.9366,1
-41.302,-73.8421,0
-7.152,155.2203,2
-40.7168,-85.2889,2
-6.6535,128.5883,2
51.9702,-178.1602,2
-58.7154,-25.3203,0
38.078,38.5946,2
-6.809,155.2345,2
51.3475,159.4444,2
13.8654,146.7426,2
-16.3993,177.5056,1
-7.1386,-12.4896,2
9.0785,-84.0692,2
-58.7246,-24.5773,2
-2.628,128.8262,2
-16.4466,177.5002,1
37.1822,69.7616,2
-11.1157,163.104,2
36.9506,35.7349,2
51.8682,-178.137,2
51.8581,-178.1425,2
13.9682,146.7872,2
5.3643,-77.6548,1
-45.8406,-13.3361,2
13.5981,-90.6883,0
-58.7872,-24.7076,1
-3.7738,138.3971,2
-58.7764,-24.7135,2
44.6246,-116.0793,2
-58.7302,-24.7702,1
13.732,-90.6426,0
34.2696,45.6421,2
14.1047,146.6716,2
-2.2792,138.2089,0
-12.0305,165.8383,1
52.1308,174.061,0
38.0486,73.018,2
51.4945,-178.3041,0
37.9391,36.329,2
-11.0333,167.2661,2
39.1174,67.3618,2
48.7614,-129.5918,2
28.9524,142.4009,2
11.9125,143.2207,2
-10.0589,-79.2898,2
38.1375,73.0154,2
-10.7905,166.7831,1
39.7903,74.432,2
0.5348,130.6564,2
29.4559,130.7241,0
17.9688,-66.8303,2
-10.885,166.6277,2
51.4639,176.6878,0
43.8011,92.6855,2
34.8803,81.8368,2
24.8128,122.0317,2
12.3278,-90.1951,2
-15.597,-172.7525,2
38.1188,38.6904,2
-44.0689,177.0437,1
36.8216,36.5749,2
-4.0306,128.837,2
2.6263,126.8465,0
-58.5539,-25.253,1
19.3455,-68.1763,2
-41.3493,-89.2837,2
14.5543,123.3319,2
27.6205,53.1796,2
56.1087,-149.624,2
18.5056,-70.3975,2
26.6744,55.2733,2
-55.1157,-27.9127,2
1.7069,128.4804,2
14.4074,123.0199,2
-7.2085,130.3102,0
14.3345,123.0011,2
-31.4787,-177.7977,1
35.0409,81.3799,2
11.0773,91.7251,0
52.8084,-132.1568,2
44.5443,149.3487,0
44.6462,149.3228,0
-15.1338,-75.9107,2
18.0688,-105.9369,2
-13.9491,170.2816,2
-0.1724,125.208,0
39.8224,141.7168,0
-48.7781,121.2433,2
51.5669,-175.1436,0
-11.9562,166.01,1
20.866,121.6354,0
38.1128,38.5365,2
2.8125,126.4444,0
14.3347,-93.2516,2
14.2292,-93.2314,2
4.3306,96.5955,2
26.5592,142.0775,0
-56.6423,-141.7994,1
-15.1657,-75.849,2
37.9164,141.9044,0
-6.7304,148.515,0
37.5176667,-117.9835,2
38.0681,36.9544,2
-26.9138,-71.2468,2
51.6189,159.6598,1
37.5213333,-117.971,2
2.2757,127.962,2
-53.3496,25.4938,2
37.7899,37.3899,2
-32.049,-110.8534,2
54.3841,170.5401,2
-38.3815,-75.2656,1
36.0485,139.7601,0
51.313,160.0092,2
35.4658,140.2166,0
50.555,-169.8396,2
14.2098,144.7947,2
-19.4326,-173.4139,2
34.9914,81.3504,2
37.1468,36.3894,2
37.8371,101.406,2
0.8497,-29.1983,1
-14.9454,-173.5466,2
-21.5026,-173.8234,2
-12.5896,166.3167,0
34.6294,81.9445,2
34.5912,32.5012,2
18.4937,-106.72,2
-15.0379,-173.4803,2
17.9291,-66.9568,2
10.6589,-86.4468,2
33.7831,81.9103,2
-6.7728,155.0939,2
5.4355,-77.764,0
5.4963,-77.6017,2
-5.3287,134.0179,2
19.5191,-102.3151,2
19.5811,-102.4285,2
19.5913,-102.4312,2
-53.2211,159.8292,2
18.642,-64.9888,0
-8.9189,-109.2682,2
-7.198,154.9978,2
-44.4409,-79.0222,2
-5.3057,153.7007,0
-9.7865,161.6673,2
-2.3878,139.4477,2
-5.4603,132.6425,0
4.7016,126.9061,1
-24.3668,-70.8414,0
-53.1932,159.5122,2
37.5105,-117.9556667,2
2.8356,127.1203,0
18.8926,-65.033,2
2.482,126.8654,0
-30.1741,-176.2047,1
-30.1633,-176.4125,1
-30.5514,-176.5995,2
-30.1435,-176.7304,2
-30.161,-176.3963,1
-29.9592,-176.9936,2
-30.314,-176.6426,2
-30.4893,-176.6227,2
-17.0728,167.1257,2
-30.412,-176.8895,2
-30.5516,-176.588,2
-30.3451,-176.6209,2
-30.3012,-176.6089,2
27.3946,142.8417,2
-30.0986,-176.5079,2
-18.447,168.205,0
-10.5406,113.313,1
19.5161,146.2102,0
18.8338,-64.6043,2
-30.4202,-176.6278,2
-15.8044,-172.6647,2
-7.1797,154.8083,2
-18.8198,168.3165,0
-11.5583,117.4193,2
-8.842,126.5882,2
38.5027,45.0678,1
-30.4918,-176.587,2
53.1024,-163.075,2
5.3134,-77.5791,2
50.7776,-174.0459,2
56.1214,-116.5896,2
56.1226,-116.6017,2
56.0984,-116.6303,2
11.4679,138.7871,1
7.1504,126.52,2
1.7877,126.2915,0
-30.4659,-176.6042,2
35.3022,46.0259,1
36.2558,34.3695,2
30.7312,50.1542,2
-30.2462,-176.4927,2
19.602,-65.4026,2
-30.447,-176.7931,2
13.0426,-90.2,0
38.0241,36.5823,2
38.5353,73.1948,2
-7.949,128.2388,0
52.6261,-170.072,0
-30.0465,-176.5738,2
18.9523,-64.9905,0
-18.4702,-71.3185,2
-29.4694,-176.1209,2
30.7663,96.0896,1
-6.1165,147.509,0
-9.021,109.7511,0
18.4305,120.3745,1
37.7831,21.2746,2
14.5246,119.993,0
18.5883,120.4652,2
59.2674,-144.9377,1
-38.0843,176.5676,2
-29.7016,-176.2145,2
-38.0594,176.6164,1
-38.0565,176.6083,1
-38.0374,176.5866,2
-22.9596,167.7106,2
-43.7499,172.8996,2
22.0991,-108.6583,2
-21.181,168.8357,2
37.7982,36.6794,2
22.486,-108.841,2
-10.2347,-73.6782,0
-30.4074,-176.6378,1
-36.0348,-73.6672,2
22.1938,-108.5891,2
38.0124,36.4342,2
18.4481,-106.3807,2
27.2477,55.0236,2
37.5096667,-117.972,2
2.3235,128.9316,2
37.8325,36.3765,2
37.1129,36.3047,2
-12.1133,166.0022,2
-7.0852,155.6043,2
22.1209,-108.3518,2
39.3552,69.8053,2
39.2065,69.9088,2
-7.0196,127.694,2
37.508,-117.9741667,2
47.2264,153.1067,0
-33.3296,-68.4268,0
2.3089,128.7618,1
22.242,-108.525,2
33.2466667,-115.799,2
52.3281,172.4714,2
30.0141,142.0008,2
51.4972,-175.6119,0
-2.7834,-79.8518,1
33.2471667,-115.7958333,2
29.9106,141.7383,2
-38.0305,176.6872,2
-28.1,-71.5544,2
2.3544,128.8453,1
-3.3743,146.7897,1
-3.3173,146.727,2
-3.4835,146.5863,2
21.8943,-108.8168,2
2.7005,128.1961,2
29.6454,50.871,2
-30.2711,-176.5476,2
10.6043,-86.3395,2
72.93,6.6147,2
37.2908,-104.4343,2
38.0182,36.4817,2
59.6095,-151.907,1
38.0083,73.2493,2
11.6448,-72.3136,0
-55.1117,-128.3175,2
-22.3387,-174.5345,1
-6.5222,103.8316,2
-3.7623,101.8745,0
-55.8326,-26.2969,2
-22.3102,-174.2524,2
-30.4537,-177.0825,2
42.632,117.4984,2
-2.8192,128.1035,2
-3.2972,128.1532,2
63.3837,158.2096,2
-29.8997,-177.2808,2
-5.6983,103.4108,0
-32.5401,-179.1416,2
27.2647,55.0965,2
35.455,140.9403,0
29.978,142.1293,1
10.8522,-86.4376,0
29.9119,141.7547,2
38.0581,37.1965,2
36.0825,142.3012,2
45.0657,23.1476,1
37.3664,36.7383,2
-38.013,176.6942,2
-16.063,-74.2812,0
-37.099,179.1973,2
-30.531,-177.3434,2
38.9742,21.1394,2
-18.2272,-71.2929,0
-30.2625,-176.9311,2
9.3707,-84.1119,1
23.6144,121.365,1
9.5926,-83.9584,0
-3.7957,151.3145,2
53.1491,159.9086,0
7.4874,126.1938,2
69.1117,-53.3723,2
-3.6275,149.4994,2
-19.9623,169.8793,2
2.3682,128.8217,1
53.1438,172.4431,2
-30.2399,-176.0344,2
63.2228,158.4943,1
-33.6108,-71.3399,1
13.7309,56.9425,2
-4.0941,133.5606,2
-2.6045,140.6548,0
28.5073,-43.5932,1
28.4701,-43.5623,2
28.4962,-43.6257,1
28.6921,-43.7393,1
28.4735,-43.75,1
28.5058,-43.6486,1
29.6283,104.7147,2
28.6881,-43.6373,2
28.2967,-43.6407,2
-6.4354,147.1046,0
-6.3357,147.0905,0
-31.6707,-178.9552,2
40.5415,-124.3725,1
-7.1981,107.1377,0
29.3124,130.4585,0
-3.5325,131.231,2
62.1293,-150.3652,0
-11.1049,166.0986,2
2.9116,126.8566,0
6.7301,126.1069,0
40.3731,142.9504,0
37.798,20.9915,2
-65.4254,179.9791,2
40.2909,142.9516,0
58.136,-137.5061,2
37.1019,54.6552,1
51.4978,159.5752,2
-11.4451,-73.2035,2
-30.214,-177.301,1
58.1511,-137.4816,2
-30.2942,-176.5674,2
-30.1571,-177.0118,2
47.3957,6.7567,2
-30.6195,-176.9411,2
23.6272,121.3779,2
-36.7309,79.0041,2
38.0772,38.0427,2
39.383,69.8931,1
-5.3006,34.964,2
-5.4061,34.9211,2
23.6547,121.3288,2
-32.8604,139.4757,1
19.2125,121.188,1
40.468,20.713,1
10.5039,-86.1629,0
40.4158,20.6663,2
-57.4303,-25.5051,0
39.3471,69.7133,2
-42.8183,-82.5381,1
40.4096,20.6264,2
-42.5089,-82.6334,2
-37.6009,179.9994,2
-18.2303,-73.3661,2
37.8867,36.6199,2
-10.6893,164.7071,1
-16.3222,-75.1779,2
29.2958,103.8585,2
-9.8136,116.0394,0
38.0109,36.4273,1
31.1275,-116.675,2
38.0186,36.4699,2
22.5162,100.9286,2
51.6685,159.4444,0
13.1033,121.4674,2
-31.6176,-179.118,2
30.0109,141.8769,2
4.3567,-118.6472,2
-5.4022,152.3396,0
37.9593,36.3728,2
19.4991666666667,-155.461,2
38.4614,44.8505,1
38.3265,21.9579,2
29.6326,81.828,0
30.0034,141.8525,1
19.2023,-66.6031,0
29.9832,141.8327,2
-30.0612,-71.4064,0
40.8603,48.2506,0
-2.6524,138.9266,1
23.6457,121.3108,2
29.9288,141.7901,2
-10.8314,113.3152,2
30.0185,141.9097,2
37.9624,37.5237,2
29.9765,141.9049,2
13.7137,-90.4943,0
-2.63,138.8846,0
15.7117,-96.5474,2
14.3874,123.1532,0
32.8372,-39.7725,2
52.4544,-170.5851,0
35.5823,10.2062,2
-10.6278,161.5835,0
38.039,37.0762,2
-15.0814,-173.2893,2
37.9067,36.189,2
18.3402,94.9979,0
53.1571,-166.7396,0
-5.2821,102.0343,2
-21.048,173.5051,1
-2.6732,138.9492,0
-29.7765,-176.6304,2
-2.623,139.0165,0
33.0937,-39.7892,2
22.6542,95.3355,2
32.7832,-39.7648,2
-17.7866,-74.4844,2
-14.9452,166.8228,0
29.6097,51.3958,2
-4.1982,136.787,2
32.6182,47.6519,2
6.7589,-34.0747,2
-18.1967,167.9673,0
-3.1433,136.8115,0
28.278,67.2063,2
34.692,25.3067,0
17.1036,120.9339,2
-16.007,-174.7741,2
1.1801,128.2596,2
-18.2027,168.0251,1
52.3979,-168.1901,0
15.0119,-94.3865,0
9.8602,-83.8854,0
5.2809,94.4639,0
19.3243,-67.9091,0
44.7607,101.9321,2
21.4538,121.4102,0
35.7898333,-116.8505,2
19.1955,-67.8246,2
-7.5361,130.3788,1
-25.6937,-69.1858,1
17.5778,120.7175,0
-4.9564,131.9605,0
-57.0386,-25.0375,2
38.3345,141.6768,0
60.3217,-151.4603,0
0.5844,126.7778,2
-30.1941,-177.873,0
-36.4913,-72.7481,0
-7.4573,130.179,1
51.3789,-176.1296,0
-16.5308,-74.5664,2
-9.1009,156.3445,2
-22.7558,171.8021,1
18.8155,-155.160333333333,2
43.3446,-126.8961,2
-4.1286,133.275,2
49.9512,-178.7186,2
-29.3636,-176.8834,2
-14.7661,-173.6418,2
38.0816,36.5466,2
-26.6924,-71.4807,2
-44.0513,-81.8869,2
-29.0324,-176.7871,2
-0.6618,29.3042,2
-3.9748,133.4017,2
-17.8823,167.4281,2
-15.7916,167.4906,0
-17.8664,167.4254,2
35.0129,142.4931,2
-57.1383,-25.4198,0
-3.621,139.0424,2
51.6096,-177.2673,0
18.3383,120.4578,1
-2.6319,128.4767,2
41.1434,142.8148,1
37.6759,36.3106,2
-55.1663,-29.0635,0
-10.9123,166.9185,1
-10.8937,166.777,1
30.2791,51.7852,2
12.6167,-70.9912,0
-11.0808,165.4239,0
-30.4939,-177.7333,0
37.5022,137.2608,2
-33.075,-179.0838,2
2.3449,128.7933,0
-30.4039,-176.6701,2
41.6656,14.6654,2
34.5884,70.6034,0
-60.4746,-25.8752,2
51.8233,176.1284,2
-6.9179,106.8713,2
5.9533,126.3284,1
30.3104,127.8929,1
-9.2425,107.0102,2
56.5529,-148.4406,2
38.2368,38.0593,2
37.2236,58.2827,2
44.5253333,-110.3611667,2
37.9287,36.2781,2
-8.2445,116.7356,1
-57.7677,-25.7115,0
-15.2415,-173.1121,1
10.5971,-86.1048,0
37.3405,36.8426,2
28.2988,141.479,0
37.786,36.5257,2
7.5039,126.1716,2
25.3304,36.0793,2
49.8888,89.8315,2
-15.964,167.3718,0
19.6418,-64.5938,2
7.9236,-74.7887,0
42.758,46.3209,2
16.958,-100.0518,2
18.1105,146.8013,0
76.8903,18.204,2
-35.6663,-73.4965,1
-35.8611,-73.4676,2
30.9813,142.4286,2
52.088,176.2767,0
34.6633,25.2259,2
52.9012,-167.3676,0
-35.7016,-73.5558,2
22.2207,121.5548,2
47.7016,15.969,2
-1.2089,127.7938,2
-35.7216,-73.5253,2
-54.9834,-29.4841,2
-20.8783,-70.4879,0
33.3816667,-116.9096667,1
2.8346,127.1833,2
-2.6765,139.0416,0
27.6685,86.1761,2
2.1742,128.9606,0
-2.9117,130.0455,2
40.4482,-127.0399,2
38.2883,138.7642,2
44.246,149.3145,2
0.8143,126.217,0
44.162,43.2882,2
14.5834,147.4125,2
27.2714,53.0322,1
27.3091,52.9937,2
27.917,54.3749,2
41.0553,33.5349,2
26.7722,102.9151,2
43.8678,-129.8274,2
-29.1841,74.6687,2
37.8062,21.0953,0
-30.3111,-177.1399,2
50.2742,-129.5788,2
14.1022,146.9808,2
19.3319,-108.471,2
36.2554,141.4699,0
72.3859,8.2279,2
27.1882,52.9982,2
-31.5927,-178.2895,0
36.45,140.5643,0
-7.8107,118.6792,1
-4.369,136.8088,2
-2.7314,140.3585,0
-3.4915,131.1264,2
10.5187,-86.1566,0
-7.3888,130.3705,0
2.8351,95.4664,1
-1.3668,-14.3473,2
31.3791,-116.9557,2
12.1705,-88.0358,0
32.6681,11.9265,2
-18.9523,168.1874,2
-0.9327,126.8468,2
43.9243,-129.2124,2
-4.289,143.7165,2
-6.3952,150.0084,2
51.3428,179.7093,0
37.9347,36.2862,2
28.0164,56.8966,2
-58.554,-25.0158,1
12.215,143.7717,2
25.8896,90.446,2
38.013,37.7709,2
51.2679,-179.1779,2
61.3588,-150.1816,0
12.274,-89.4448,1
51.1025,-179.5786,2
-9.4506,-75.6364,2
58.2714,-151.2284,0
-7.8593,118.7272,2
14.4822,56.2988,1
14.3888,56.3258,1
14.4165,56.4221,2
14.5446,56.4004,1
-60.0003,-18.7748,2
2.5017,129.0607,2
4.5926,127.3525,0
-4.9151,102.876,0
16.0809,-96.9831,1
-28.633,-71.251,0
51.9599,-171.0807,0
35.4865,21.9389,0
-35.8893,-73.961,0
27.0045,141.4555,0
38.1846,141.5798,0
51.5891,175.7498,2
37.1977,30.48,2
-14.9332,166.6164,2
-0.8401,-24.9474,2
13.7318,125.5376,1
30.5969,131.1001,0
13.7291,125.47,2
28.1076,56.9831,2
34.2906,8.008,1
19.1731666666667,-155.502,0
13.9117,125.4604,2
9.058,93.9052,1
45.5263,150.3116,0
13.7791,125.3982,2
-27.4327,-70.9617,1
-27.3615,-71.0494,0
27.1047,53.154,2
20.0931,145.8796,0
8.3082,123.5005,2
35.0303,-3.9547,2
-28.6475,-177.5023,2
35.1178,137.2091,0
-22.3699,170.4335,2
-28.6175,-177.4482,2
7.5671,-82.3345,1
36.801,-121.323,1
-28.6617,-177.8194,2
41.0667,83.1731,2
-22.6143,-174.2522,2
-29.1164,74.8007,2
51.5147,179.4796,0
45.0234,150.697,0
-21.3604,169.7232,0
-29.567,-177.1664,0
52.5237,171.4058,2
-6.2896,147.7904,0
-4.5409,-75.5598,2
-28.6347,-177.8116,2
51.7954,175.7868,0
51.5919,-179.7035,2
-28.6185,-177.6003,2
-5.4254,34.9737,2
-37.8493,-73.7325,2
-28.6566,-178.025,2
-15.6281,-72.2058,2
13.6179,125.5511,2
-2.6318,68.05,2
15.4297,96.0008,2
13.457,-91.2545,0
-32.1161,-71.6255,0
-13.3504,166.3672,2
-35.8336,-73.5659,2
-0.536,122.1838,1
12.1524,143.2865,0
37.6604,35.4674,2
-55.7984,-27.3574,0
72.566,3.6628,2
57.9895,163.5254,2
-8.9089,106.0506,2
2.6526,128.3099,0
56.9012,-158.1001,2
-28.4669,-177.7307,2
-36.2791,-97.9265,2
-28.4275,-177.9903,2
8.1078,123.1932,2
-28.4725,-177.6127,2
11.6432,-85.7772,1
-10.7373,113.3038,2
-28.7916,-176.9994,2
-28.4635,-177.6844,2
35.7935,-96.96983333,1
12.5419,123.9213,2
8.524,-103.1345,2
12.2812,-87.971,0
12.4445,123.6649,2
-27.4374,-71.1856,0
34.5635,82.0503,2
-14.9665,-173.4835,2
-28.5543,-177.538,2
15.205,-93.3463,0
19.6821,-65.7648,0
27.0214,141.3241,0
19.2741,-64.528,2
8.9572,-76.3312,0
-28.5054,-177.6639,1
-0.6391,-16.0715,2
50.2601,-178.4945,2
-20.7938,-69.7116,0
-6.1704,103.8988,0
39.076,40.4393,2
-8.329,-80.6133,2
23.0729,121.4685,2
41.903,81.9281,1
-28.5132,-177.631,2
41.8272,81.9648,2
25.5056,126.1397,0
54.2933,-159.7922,2
28.1032,56.9952,2
38.1056,36.8693,2
-1.8632,138.9458,2
-15.3194,-173.0343,0
-0.4135,100.4375,2
26.9269,141.4383,0
36.0445,139.5358,0
51.7196,-175.3241,0
-28.5261,-177.7762,2
-41.1892,-86.1891,2
34.6449,70.5873,0
9.1421,93.9949,2
25.2055,96.2774,2
23.439,121.4717,0
1.9271,31.3115,2
-28.7335,75.1219,2
-2.9949,141.9484,0
42.2553,142.9919,0
9.1198,94.0206,2
18.5456,-70.4288,2
-16.5746,175.0025,1
-65.2105,179.9789,2
53.911,-165.4681,0
-46.9394,33.5511,2
18.1801,-103.2131,0
0.8935,-28.3174,1
32.4946667,-115.5726667,2
-2.9294,142.0238,0
21.4849,121.1715,2
-9.5317,117.7092,0
-19.2863,-70.2687,0
-28.6411,-177.4779,2
12.6921,-88.6609,0
9.1594,93.6124,2
-30.6473,-177.776,0
9.096,94.0003,1
9.0979,93.9434,2
9.0886,93.9474,1
9.1044,93.9484,2
12.7377,124.9476,0
36.3005,141.3865,0
8.966,93.9695,1
9.1656,94.1407,2
8.9733,93.8322,2
8.9466,93.9623,2
17.955,-66.9518,2
-28.4806,-177.5973,2
9.3312,147.2652,1
18.7273,-64.962,0
13.7743,-92.5325,2
-38.3525,78.2722,2
24.3665,123.0428,0
13.2395,93.1777,0
9.0116,93.9224,1
9.3723,93.8096,2
8.5816,93.9431,2
-38.4723,-55.6398,2
-48.2982,-9.9197,1
-4.4776,35.0866,2
-3.4472,149.0847,1
-3.4987,148.871,2
8.9923,93.8476,2
60.9876,-150.8293,1
-3.4432,149.237,2
-3.3739,149.0583,2
-3.456,148.9947,2
-9.6608,115.1234,0
-9.5889,115.1162,0
8.9215,93.5922,2
9.1564,93.8198,2
-3.2592,141.1405,0
-3.4347,149.0298,2
-3.4792,148.9097,1
-3.2619,148.7195,1
-3.4241,148.6906,2
6.494,126.6123,2
-17.8451,-173.5522,0
54.3438,-159.7635,0
-3.6212,148.981,2
19.6796,-64.1885,0
32.26043701,-101.9306164,2
-10.7936,164.6839,1
3.5634,128.6073,2
-32.3575,-71.4309,0
-10.0782,123.1755,2
-15.1684,-172.8182,2
-9.4115,152.1796,2
8.9611,93.7674,2
11.9663,143.7275,2
-4.6856,121.9734,2
-48.1671,-9.9165,1
31.69370137,-104.4513412,2
-1.4169,86.6829,2
86.5939,44.3145,2
8.897,93.7742,2
9.0663,93.9297,2
11.1258,139.4375,2
50.0217,-177.4148,2
-6.4197,142.7477,1
36.2269,141.4874,0
34.7857,26.3309,0
37.4535,37.1254,2
12.141,143.7389,0
0.2111,97.5115,2
36.2421,69.3989,0
34.8965,14.1344,2
3.8631,126.8212,0
37.897,36.4435,2
-21.5124,-69.4401,0
12.2208,144.2615,0
50.9883,-176.202,2
-25.0576,68.9591,2
2.0579,126.5897,1
39.4205,44.48,2
-3.6899,-81.0133,2
-5.9469,149.6833,1
-45.4627,-77.1153,2
-31.4234,-72.0023,2
-16.6742,167.5248,0
42.3319,78.3508,2
-15.0059,-173.4282,0
11.1616,139.4516,2
35.5656,140.2589,0
28.7791,142.4821,2
-35.7378,-102.3253,2
26.0018,87.3828,2
-32.8112,-179.076,1
-6.4137,-103.0874,2
24.3214,125.1438,0
-7.5115,30.4287,2
34.3015,73.6471,2
18.2924,145.5755,2
38.8351667,-122.8068333,1
19.1035,-64.9211,0
50.0487,177.4152,2
-10.6756,113.3955,2
-1.2968,89.4654,1
51.5046,-177.6086,0
-1.4425,27.0631,2
-6.425,130.9951,0
56.4171,-148.8541,2
37.4421,142.5675,2
-2.9315,139.0989,0
-3.5321,145.0609,2
-3.4172,144.9075,1
-10.5099,124.281,2
15.4758,-94.5532,0
8.9297,93.8956,1
38.7865,-122.7635,2
17.792,-68.5238,0
18.7851,-64.251,0
17.8473,-63.527,0
38.1221,38.5573,2
19.065,-68.2363,2
-2.4139,139.8511,0
24.0474,-108.9527,1
35.1255,23.1674,0
-6.9601,147.1283,2
45.1088,150.5565,0
5.297,127.8771,2
35.5321,22.1789,2
-4.5796,153.8026,2
12.5796,-88.5691,0
-12.6129,166.6387,2
32.0897,50.0651,2
-5.5034,152.0751,1
-10.7703,164.7459,2
-10.7227,164.7682,1
32.5215,-115.6255,2
48.7907,-129.4095,2
13.0811,-89.026,0
14.2282,-92.2331,0
29.5877,102.2282,2
18.5549,-101.4682,0
14.1529,-92.9659,0
14.6335,40.7493,2
-5.3218,34.9162,1
27.4122,34.0681,2
-34.9787,-107.885,2
39.2516,142.4061,0
2.2187,-79.0054,2
8.0946,-82.8903,2
16.0191,-97.4782,2
0.9662,99.3803,2
-16.3301,66.8135,2
-33.5877,57.0025,2
40.8681,72.8564,2
-35.198,-179.0568,2
-13.4785,-77.0904,2
0.218,96.7089,2
-33.7838,56.1243,2
-33.7441,56.0663,1
-4.8305,102.9546,1
-33.8406,56.2222,2
1.1643,96.8375,2
25.6536,-105.0195,2
3.3662,-74.2162,2
-33.897,56.5081,1
17.9151,-76.4973,2
37.6037,37.1654,2
-7.5563,-83.2274,2
-6.8532,154.2479,2
-53.9795,-70.7621,2
71.7379,-2.6401,2
-5.3924,122.3168,2
27.4665,143.4449,2
4.0267,126.6533,0
-6.8549,154.1018,2
-6.5561,153.744,2
17.8047,-61.4915,1
17.9456,-66.9595,2
25.8585,125.4371,2
-23.4118,-175.2321,2
37.1899,141.4325,0
38.2479,73.106,0
38.0743,36.7493,2
-26.8343,27.1601,2
-31.7753,-178.6416,2
-35.4098,-179.2352,2
-35.1645,-179.1079,2
-17.798,167.4302,2
-8.2065,107.8663,0
19.1306666666667,-155.9125,0
51.5617,-175.2294,0
33.8713333,-120.446,2
-18.0667,120.2546,1
-31.7726,-178.8645,1
-4.8734,102.9421,0
-31.7966,-178.869,1
-31.8704,-179.0211,2
-17.6209,168.0817,0
-31.8271,-178.8268,1
42.979,0.3442,2
42.074,82.2595,2
34.9518333,-116.7195,2
-31.8255,-178.7321,2
19.3901,-70.1273,2
-31.7474,-178.9657,2
-31.7888,-178.8984,2
-31.6831,-178.8089,2
-31.7621,-178.8886,2
31.66484022,-104.2901214,2
-56.9184,-24.0738,2
-6.3759,150.8769,1
-58.1382,-23.6014,2
-32.1337,-178.3443,2
-31.849,-178.9512,1
-31.6899,-179.1321,2
31.65706908,-104.3605682,2
39.6837,22.3126,2
-14.9704,66.5632,2
-31.7052,-178.9145,1
34.8759,27.6968,0
7.9038,126.5891,2
-10.8078,164.3061,2
-31.7611,-178.8956,2
-31.7794,-178.9184,1
27.7866,52.2402,2
66.554,-19.1032,2
2.4581,-84.3515,2
-31.7037,-178.9937,2
51.1536,-177.7732,0
-18.344,167.4292,1
50.9596,-29.8219,2
19.1998,-67.286,2
-3.7608,68.2425,2
-35.3922,-179.2291,2
3.2545,128.2744,0
-31.7362,-178.7174,1
-3.7721,101.8354,0
65.8152,-37.5494,2
37.2475,21.2348,0
21.7915,144.0736,2
17.2744,-101.0622,1
17.2217,-101.1182,0
19.2681,121.2274,0
-5.9496,149.635,1
-5.6345,151.594,0
-5.3959,153.2343,2
-3.9924,100.315,1
6.9849,-72.0921,0
32.6203,-70.8364,2
-9.8452,115.0477,0
49.1534,-128.8899,2
51.5116,159.7468,1
38.4076,39.161,2
-3.9889,100.3129,2
-18.3857,167.5186,2
37.9163333,-121.8396667,2
-30.9161,-71.5486,0
-9.7396,154.4209,2
2.8799,-84.2865,2
2.7147,-84.395,1
52.6446,172.4477,2
30.6127,132.3939,2
13.7375,-91.3652,0
19.2896,121.1764,0
51.482,-176.209,0
-31.5954,-179.3751,2
30.6226,132.4145,2
30.5707,132.4598,2
-43.4998,172.7858,2
-14.6164,-175.6308,2
-28.9833,-71.6568,0
-6.2537,151.3398,2
30.5552,132.3235,2
-41.245,-88.9389,2
40.2757,51.7212,0
0.3599,125.8405,0
-35.4095,-179.1384,2
-28.9357,75.1295,1
13.3801,-89.7173,0
26.806,141.4023,0
30.6773,132.3406,2
30.602,132.3651,2
-38.5547,78.1488,1
-32.0901,-71.8999,2
19.1645,-67.2883,2
2.8167,127.1418,0
23.4677,121.4852,0
37.4599,15.3713,2
2.8045,127.1544,0
19.1702,-69.0455,2
40.3631,142.3185,0
13.2576,144.9622,0
3.0654,126.3285,0
51.4933,176.5283,0
51.5531,159.4781,0
80.8289,-3.7374,2
23.7918,123.4457,0
51.6131,159.8978,2
35.0264,15.2188,1
-5.0803,-77.3303,1
30.6799,132.3499,2
30.5012,132.3846,2
9.7109,126.0724,0
30.6207,132.4116,2
37.3471,141.2384,0
-22.6563,173.2234,2
22.5085,118.509,2
2.41,126.9263,0
-20.291,-174.5431,0
19.5875,-109.4536,2
-5.2611,125.585,1
38.2675,24.3226,2
38.1178,24.3199,2
-5.3494,125.6371,1
-28.6332,-71.1761,0
-5.3643,125.401,2
-11.0925,121.9445,2
-2.0062,125.9262,1
-3.755,139.5442,0
14.4872,118.6504,1
17.9335,-66.934,2
17.9451,-66.9383,2
7.5574,-34.5218,2
54.5554,161.5388,0
50.7334,-174.5119,2
14.1505,-93.2467,2
30.5878,132.4042,2
54.6943,-156.8874,2
19.361,-68.9066,2
-35.2895,-104.3709,1
18.141,-61.7476,2
37.065,28.4103,2
-0.9402,98.4892,1
-0.8598,98.5035,1
55.4073,-157.0756,2
-56.4144,-141.5486,1
-1.0031,98.4256,2
-0.8863,98.7009,2
-1.0392,98.3974,2
-0.8016,98.6029,1
19.4245,-155.228,2
54.0968,169.2883,2
-20.7399,-173.7494,1
2.7519,127.1388,0
2.712,127.0354,0
37.0767,28.4647,2
-29.2538,-177.0885,1
19.1965,-64.5816,0
54.6597,-156.7349,2
51.3716,159.7704,2
17.52,122.3026,1
17.5415,122.3079,1
17.5252,122.3431,2
-30.6523,-71.3359,0
13.9253,-93.2556,2
64.3976,-17.4681,2
-29.4646,-177.172,0
14.2645,118.9138,1
-29.4831,-177.1487,0
30.3208,70.9766,2
-29.591,-176.7489,2
43.8635,-76.0202,1
37.4639,70.0889,2
3.3968,126.6947,0
3.4482,126.7884,0
26.3759,141.8636,0
12.6782,-89.8754,0
17.9411,-68.6815,0
8.2865,122.9369,2
-29.9574,-177.8386,1
-29.9298,-177.9885,2
-29.8709,-177.4186,0
-29.858,-177.5254,1
51.7225,175.7973,0
-60.4609,-26.2305,1
-29.7645,-177.2882,0
-33.6233,-72.0504,2
0.0779,-17.2253,2
-29.9608,-177.6653,0
-29.8883,-177.7585,0
13.128,122.7033,2
2.0695,-101.6393,2
-2.8745,129.8751,2
3.4531,-102.0506,2
-29.641,-176.9765,0
-29.3781,-177.3092,0
-28.2653,-177.4336,2
-2.9204,129.7805,2
-30.1806,-177.5685,1
9.2801,125.406,1
31.6883,52.6357,2
9.3625,93.8685,1
-4.889,102.968,0
54.6707,-157.7449,2
-29.8437,-177.469,0
43.2909,83.7361,2
-29.9967,-177.5014,1
51.623,178.4967,2
-0.8082,98.5112,1
-16.0142,-174.7258,2
14.6903,54.6615,2
-29.953,-177.8184,0
-0.9345,98.5221,1
23.1957,142.607,2
-30.31,-177.2566,2
59.5453,-152.0856,0
-0.7467,98.8529,0
-2.8231,-79.8374,0
21.886,120.5102,2
-29.9901,-177.487,0
-41.3592,-86.1327,1
-3.7704,134.8898,2
40.0764,141.8156,0
34.5245,122.5924,2
-58.8386,-25.3275,0
34.8794,14.197,2
37.6894,141.8026,0
-58.6328,-25.0601,2
-4.0017,134.092,2
30.5894,132.4054,2
52.6207,-169.8908,0
38.0275,37.3069,2
-40.2601,176.5323,1
-40.3152,176.5877,1
-58.6196,-25.2019,2
-29.9791,-177.7638,0
-9.0767,67.3204,1
52.3114,-169.9784,0
-40.3107,176.6609,2
-11.1152,166.0938,0
0.764,-77.8395,2
23.7768,122.4565,2
37.8831,36.4031,2
34.3883,45.3815,2
4.5264,95.1193,0
34.0288333,-116.8456667,2
42.1204,83.3565,2
64.6715,-152.4726,2
64.6466,-152.4724,2
-14.9698,166.6516,2
-15.1461,-172.8077,1
-26.609,-70.9392,0
38.0104,36.4372,2
26.5494,128.9741,2
49.3647,155.5921,0
-0.7335,98.591,1
52.3637,159.3916,0
34.3892,45.2965,2
41.572,141.9177,0
-58.3373,-23.7017,1
19.153,-155.369,0
-51.4427,139.4375,2
56.0702,-149.1575,2
-30.3313,-176.6784,2
19.5383333333333,-155.812166666667,2
29.5452,104.5796,2
25.9338,128.5939,2
26.0902,128.5561,1
25.9913,128.5497,1
26.0704,128.5333,2
27.774,55.3531,1
-33.8482,-72.1677,2
-55.2975,-28.8788,0
37.0818,141.1233,0
54.5479,-156.8323,2
3.2052,98.5528,2
38.7636,37.134,2
29.5729,81.5302,2
10.1348,-62.9908,2
19.043,-67.152,2
26.025,128.5922,2
29.6212,81.5483,1
-45.9569,34.2809,2
51.4435,179.4691,0
17.4641,122.4496,2
11.6177,141.7854,2
26.3864,128.1259,0
35.9918,59.3364,1
-16.434,67.2028,1
52.2836,159.6577,0
36.1028,36.0439,2
32.043,140.8457,0
19.4224,-108.4698,2
42.0108,142.6398,0
13.9242,-90.9972,0
-4.775,133.8946,1
-11.5656,166.6138,1
-7.2566,155.5228,2
-2.3062,68.128,2
12.7463,-88.6654,0
25.973,128.5989,2
66.0599,-174.126,2
-4.8192,133.8044,2
-4.7038,134.2547,2
33.6853,140.5739,0
-4.7811,133.9484,1
-4.9307,133.7644,2
8.2568,94.1308,1
-4.7612,133.7898,2
2.5502,96.6329,0
18.8606,-67.6975,2
-50.0964,115.5072,1
38.1021,36.4431,2
-4.8221,133.8587,2
26.0136,128.5728,2
59.3072,-145.0407,2
25.9983,128.4928,2
25.9914,128.5948,2
-52.507,140.3652,1
26.0359,128.3524,2
-61.82,160.9786,2
-5.1828,153.3941,0
-21.7418,174.0973,2
-61.6857,160.6479,2
32.711,-115.5448333,2
20.241,144.877,2
13.2039,51.0051,2
-10.3619,120.1779,2
-21.7621,-173.823,2
26.0572,128.5132,1
38.3618,22.1517,2
32.709,-115.5406667,2
-4.9445,133.8131,1
34.9011,73.9963,2
39.2006,54.766,2
56.5754,161.3613,2
-4.7849,133.8681,2
12.2377,-87.8941,0
-5.0489,-80.9211,0
-10.791,113.4291,2
0.4566,-24.9597,2
9.3074,-69.804,2
21.6269,121.8466,2
31.5895,-40.8131,2
33.2008333,-115.59,2
33.1893333,-115.5933333,2
33.2036667,-115.5858333,2
48.5806,155.4106,0
35.4696,141.2927,0
38.3303,37.7144,2
56.5889,161.0674,2
48.5607,155.4589,0
18.5654,-104.0213,0
1.3426,126.2937,1
48.6446,155.3432,0
-23.1988,-70.0657,0
54.4029,120.6441,2
29.3809,130.3405,0
36.2566,141.1086,0
42.0642,142.471,0
27.6679,56.6955,2
-29.802,-177.4335,1
56.6377,161.2751,2
26.0202,128.5306,1
26.0019,128.5201,1
25.976,128.5766,2
25.997,128.4743,2
19.1711,-64.6748,2
26.0161,128.4753,1
26.0335,128.7003,1
25.9261,128.5263,2
26.012,128.5116,1
-6.0963,-81.4112,2
-9.4501,148.5814,1
25.9389,128.5511,1
-7.3569,-74.7943,1
51.561,-176.9801,0
-29.9333,-177.1334,1
-29.9541,-177.1008,2
16.5311,-95.2011,2
-16.6087,175.0609,2
-33.0478,-179.1691,2
-3.2557,139.8693,0
39.5797,20.5803,2
37.849,141.9376,0
26.0156,128.6084,2
-14.3993,167.7433,2
37.8196,141.9374,0
38.1582,38.5532,2
71.6849,-1.7545,2
-58.5847,-24.9186,2
-58.6541,-24.9977,2
-29.874,-177.4494,0
-10.0255,161.0033,0
38.8905,-123.6595,2
-34.8644,179.8138,2
-0.379,132.564,0
56.5439,-148.3193,2
-32.463,-71.1009,0
41.7063,71.6387,2
-2.9219,142.0393,0
55.5019,162.8595,2
-27.9605,-176.7791,0
-28.9814,-71.7677,2
-15.588,-172.6979,1
-21.3583,173.6328,1
-21.9563,173.9895,1
25.4275,99.3564,2
-9.3033,114.1417,0
17.5211,122.4002,2
11.6138,125.6324,0
8.3543,58.5651,2
14.7996,147.065,2
30.51,-41.9176,2
-5.1975,102.4123,0
-4.7599,133.7776,2
52.9753,-34.9722,2
35.8715,-117.7166667,2
14.805,119.3825,2
29.3941,104.5963,0
-16.3605,-72.9385,0
41.6883,144.335,0
28.2223,105.1765,0
28.1196,105.1572,0
37.5767,35.6059,2
27.6325,-111.5669,2
12.3857,-88.2693,0
-10.2424,119.3123,2
38.3274,72.8969,0
26.9507,143.7528,2
-35.3505,53.8759,2
-58.6815,-25.5608,0
-60.4488,-24.763,2
53.3081,-164.444,2
38.0541,36.5563,1
38.0547,36.6366,2
52.2951,159.5037,0
52.3087,159.5915,0
36.7108,142.2723,0
-53.0227,-118.272,1
27.3244,97.0318,2
-30.3248,-177.7278,0
17.4696,122.3465,1
10.5424,125.376,2
17.5071,122.3129,1
40.4326,26.2194,2
28.081,105.231,1
34.4547,22.9504,0
-0.0575,127.1272,2
30.5173,79.0377,2
53.1591,95.5428,2
45.9513,152.698,2
17.5056,122.3053,2
-33.1658,-179.3826,1
19.1343,-67.1803,0
54.1121,-162.8301,0
-4.3713,151.3213,2
-29.6149,-177.1298,0
-30.1945,-176.5105,2
51.194,-179.2845,0
63.733,-19.1356,2
63.6335,-19.5685,2
10.4106,125.1304,1
55.7829,162.8011,0
-3.2152,148.6862,2
-10.6627,121.6641,2
23.4239,121.3467,2
20.2148,147.1379,2
51.467,-177.177,0
67.5314,-166.5684,2
-22.2512,-174.2104,1
-0.9139,123.3579,2
25.9161,128.5195,2
-8.4015,160.3855,1
-8.0478,130.3974,2
19.3601666666667,-155.085666666667,2
23.6937,90.3099,2
10.133,-60.2736,2
35.844,80.185,2
14.4463,-93.6328,2
-57.9108,-25.6356,0
37.5476,137.2994,1
37.5062,137.2324,2
2.6054,95.4607,2
53.4719,-163.3784,2
28.0496,-112.14,2
37.4752,137.3978,2
23.7341,122.5348,2
2.8007,96.1734,0
39.42,141.9781,0
28.1186,105.0029,2
37.4872,137.2752,1
53.4106,-163.5989,2
10.3617,126.2172,0
37.5102,137.2187,2
37.9221,36.3313,2
52.054,175.314,0
42.9852,146.1184,0
41.5095,141.9826,1
41.422,142.1245,0
-38.2643,-179.7457,2
22.2318,146.6154,1
29.1767,105.4293,0
-32.1593,-178.5641,1
28.9028,86.6245,0
52.0244,-172.2186,0
11.4682,-86.8709,0
37.8443,36.564,2
-21.8096,170.3628,2
53.3849,-166.8931,2
53.4332,-166.9438,2
32.7175,-115.5491667,2
-4.506,151.4214,2
34.9889,23.4985,0
52.247,159.53,0
79.0669,125.0293,2
-10.7728,113.1601,2
-8.015,107.8583,0
2.3479,126.7295,0
2.3453,126.7916,0
25.3221,143.643,2
-11.1014,121.9586,2
55.8609,161.7579,0
13.0209,-89.8704,0
-7.6738,148.2099,0
12.9947,144.5748,0
10.0216,40.9514,2
-25.3542,-70.5138,1
-32.047,-178.0313,2
36.3545,36.2183,2
74.7736,112.9069,2
17.4838,122.3072,1
-6.4469,152.1077,2
-5.2312,153.011,0
52.4771,106.9211,2
0.831,126.124,0
13.3957,-90.8056,0
-6.4485,148.7108,0
34.0236,48.2838,2
0.9141,126.1256,1
0.8487,126.1698,0
6.8666,124.6218,2
-29.8878,-177.3514,0
52.1564,159.6891,0
-35.2104,-105.2479,2
17.6438,-103.9554,2
-0.1037,125.1585,0
-28.7013,-71.3014,0
5.7168,127.2145,0
-55.9491,-121.9235,2
13.0045,57.9513,2
37.5942,20.0143,2
12.0031,142.3427,0
-56.0344,-121.4114,1
-45.5305,-78.0488,2
33.9253,75.0264,2
19.2401666666667,-155.374333333333,0
11.696,35.9852,2
12.9299,144.6322,0
50.9428,-179.5517,2
-20.5954,-174.8507,0
51.5219,-175.5047,0
-12.4437,24.6703,2
52.3272,-132.0576,2
17.4203,122.3945,2
0.8764,126.0622,0
37.5099,137.3075,1
38.0217,38.4005,2
51.4894,-173.3526,2
55.5891,162.5146,0
-11.4311,162.8946,2
37.5219,137.39,2
18.905,-68.3336,2
3.7479,128.0919,0
35.0003,37.6611,2
40.9667,141.9398,0
-11.858,165.8463,2
-6.6624,146.7296,0
-17.1427,167.7749,0
-39.7489,-16.1333,2
63.5165,158.0514,2
55.4422,163.1735,2
26.8606,55.1496,2
-4.041,152.0395,2
-31.6836,-72.2798,2
39.7436,141.937,0
13.4811,-90.9461,0
10.972,92.0333,1
36.4169,28.8622,2
-26.0441,70.5616,2
39.9598,142.1384,0
31.6279,-64.2455,2
10.1702,126.2614,0
37.5372,137.2169,2
-4.0089,134.8916,2
12.1591,143.8722,1
38.116,73.0302,2
39.1821,32.9989,2
28.0729,105.0519,2
45.5804,150.9206,0
-6.5679,104.7998,1
25.4966,-109.8101,1
25.4406,-109.6761,1
25.2588,-109.5992,2
25.4361,-109.7955,2
-6.537,104.7185,0
-6.6579,104.7385,1
-7.141,104.8085,2
12.0567,143.8696,2
35.1171,140.0913,1
86.2658,34.1213,2
31.52984619,-104.1643245,2
-15.3574,-173.43,0
19.105,-67.7443,0
30.0506,129.8965,2
-30.098,-177.8467,0
19.0618,-67.7545,0
55.2984,163.0971,2
19.16,-64.8723,0
31.53639665,-104.1531231,2
-10.5412,123.4682,2
4.5845,-87.1077,2
19.2593,-64.844,0
-15.5622,-172.8351,0
42.3313,143.0155,0
19.1176,-64.7836,0
55.361,163.0409,1
18.9425,-67.6531,0
39.3829,70.5257,2
6.1173,60.6678,2
24.2156,125.2746,1
24.3825,125.1988,2
1.2029,97.0828,1
6.053,60.5788,2
-6.4931,104.6201,0
2.2812,-30.805,2
55.3898,163.0613,2
-12.4944,24.7441,2
10.2152,-63.5223,1
29.6196,102.0015,1
19.039,-67.1206,0
-6.412,147.4417,0
-30.1683,-177.8274,0
44.5474,148.995,0
29.7649,102.25,2
21.6539,93.1376,0
21.8019,120.9487,2
29.5306,102.1292,2
35.2235,15.2761,2
-22.2513,-70.1987,0
40.2041667,-121.1095,1
-42.9203,79.3357,1
11.6893,45.3895,2
16.986,120.7919,2
6.9511,125.0343,2
40.196,-121.1003333,2
19.09,-66.8005,0
9.9552,126.106,0
-58.7836,-25.7928,0
0.7544,-77.9505,2
12.4049,144.1714,1
37.8784,36.2491,2
37.8832,36.231,2
-41.1824,-87.7679,1
-16.3897,-72.9886,0
-6.8256,123.8922,2
7.0383,-76.0563,0
40.196,-121.0998333,1
33.4635,132.3792,0
18.9888,-65.024,0
-19.308,-173.467,2
18.987,-65.031,2
62.5676,-126.5046,2
-30.2596,-71.3709,0
12.4037,144.0895,1
5.3368,61.7246,2
5.3638,61.5271,2
-14.237,-71.5182,2
23.1661,121.443,0
-14.1917,-71.4568,2
-18.269,120.3895,2
-30.1532,-177.6968,0
-24.4044,-175.8109,1
-0.2599,151.225,2
28.6275,142.6011,2
-27.944,-177.4595,0
-60.4927,-27.9432,2
-60.2872,-28.4309,2
-58.5812,-23.2672,2
58.2256,-155.1918,2
26.4438,-111.0277,2
61.0517,-151.1442,1
-38.0621,-73.6478,2
29.9909,129.9763,1
56.1527,-157.8594,0
-3.7983,152.394,2
17.9565,-66.9575,2
-5.6458,-81.0435,2
51.7566,-171.6749,0
37.9259,71.716,2
-6.2763,104.9075,0
34.3139,45.5703,2
10.1268,126.0458,1
18.0375,-66.9278,2
-1.5139,-80.4564,0
56.1814,-134.9484,2
55.4361,162.8927,0
19.1225,-67.692,0
19.156,-67.551,0
-9.1975,111.4623,0
-4.7487,101.9337,0
4.0397,-73.7077,2
33.3052,139.3771,2
-22.7983,69.2164,2
33.3767,139.3714,1
-3.1255,128.952,2
33.3334,139.2949,2
33.3132,139.3665,1
33.3483,139.3133,2
33.3194,139.3353,2
33.3252,139.4954,1
33.279,139.2738,2
33.2733,139.5148,2
11.4596,141.611,1
33.277,139.2717,2
33.4427,139.3262,1
56.9587,-33.8818,1
33.2405,139.2775,2
33.2022,139.1515,2
37.9018,36.1797,2
7.4664,123.5627,1
33.4166,139.3909,1
33.4328,139.3741,1
33.3091,139.2826,2
33.3763,139.3249,1
30.9225,-116.4154,2
33.2608,139.2512,2
-44.2044,-16.0598,2
33.3944,139.1999,1
-44.191,-16.034,1
75.3774,7.3661,2
37.8336,129.4695,2
9.7587,93.5283,2
3.1371,128.2735,0
30.9615,-116.304,2
32.4671667,-115.9566667,2
53.2433,-167.0085,0
12.8163,-60.1759,0
46.3883,149.7423,2
-58.7007,-25.5323,2
26.0298,128.5015,2
-3.1965,136.2105,0
-36.8135,-73.7896,2
33.2725,139.2745,2
-31.6239,-178.606,0
-11.4679,117.3581,2
-0.1072,124.9618,0
1.9536,126.7368,0
22.8678,143.9993,0
15.1044,39.411,2
-5.0347,35.3201,2
-16.4287,167.5052,0
19.4945,-65.7248,0
-7.209,121.4535,2
-20.8379,-70.2842,2
70.3656,-15.5131,2
70.4165,-15.251,2
70.3551,-15.3532,2
70.3931,-15.4535,2
70.3368,-15.3702,1
-9.1708,124.3813,0
-47.1252,-13.4883,2
-47.0273,-13.5538,2
44.5555,6.811,2
16.7269,-86.194,2
19.5873,-65.7476,0
18.8828,-68.0581,0
33.3812,139.2314,2
37.6959,71.5966,0
28.1237,105.0864,0
33.3263,139.1696,2
33.2327,139.3961,2
-20.6624,-173.8868,1
-2.159,139.2046,0
-27.095,-175.7534,2
-30.3344,-177.5476,2
62.3358,-149.5984,0
23.0943,-100.1202,1
-42.6047,171.8198,2
10.6922,-45.4567,2
42.8211,80.5719,2
10.3775,125.1232,2
59.3707,-138.3263,2
44.0402,147.9598,0
59.4146,-138.2627,2
15.7582,145.1163,2
-15.6226,-72.3823,2
10.8911,141.0162,2
44.7279,149.3652,0
57.3197,-150.0386,2
-11.5593,166.3282,2
52.8477,-168.2887,0
44.5229,149.1944,0
51.4503,178.7672,0
-17.2368,-173.3047,0
14.8497,108.3231,2
23.3243,98.3411,2
-3.3239,135.3431,2
55.3064,163.097,0
-1.2497,-16.1937,2
34.924,24.9,2
76.9907,18.2164,2
-30.243,-176.4744,2
12.4333,144.1002,0
9.5438,57.8414,2
35.3661,-107.5612,2
9.5322,57.9795,2
19.3911,-64.6585,0
12.665,-88.263,0
38.0369,22.7148,2
19.7455,-70.7991,1
55.4013,162.954,2
31.3961,141.7853,2
-6.2095,-101.8219,2
18.3918,-64.1173,2
67.5146,143.0656,2
55.3713,162.9713,2
-55.7305,-27.0087,1
-55.7181,-27.1663,0
7.7552,126.946,0
40.2251667,-121.1346667,2
12.7568,49.0733,2
50.9472,-179.8254,2
-60.3503,-29.1811,2
34.9922,24.8491,1
1.2164,67.2702,2
51.7792,-176.4757,0
33.6241,91.0903,2
33.2888,132.2106,0
-30.0838,-177.7143,0
12.2562,-87.7846,0
35.0007,24.9164,2
34.9442,24.8278,2
34.9234,24.736,2
-29.1083,-177.1131,2
12.8308,49.1511,2
-23.2063,170.7423,1
-23.2314,171.0091,1
-23.207,170.7182,1
-23.1845,170.5515,1
-23.1768,170.6575,1
-23.2812,170.584,1
-23.3643,171.3516,2
-23.122,170.752,1
-22.4019,170.9096,0
-23.4208,171.2488,1
-23.3074,171.0752,1
-23.2428,171.0634,1
-23.2499,170.66,1
-23.2021,170.6489,1
-23.0715,170.5487,2
-23.279,170.7016,2
-23.1185,170.7314,1
-23.1218,170.7009,1
-22.8949,170.8294,2
-23.4657,171.0466,2
-23.2657,170.5753,1
-23.3936,170.9818,2
-22.2017,170.5074,2
-23.0367,170.0795,2
-22.7594,170.5315,2
-23.1984,171.0142,2
-23.3749,171.2033,1
-23.3141,171.2902,2
-23.2365,171.2742,1
-23.2105,170.6418,1
-23.0571,170.7424,1
12.8281,49.1214,2
-23.192,170.9162,1
-23.2594,170.9953,2
-23.1788,170.5661,2
-23.2418,171.0501,1
-22.8376,170.6557,2
-22.4783,170.6837,2
-23.6503,171.3212,2
-23.457,170.7312,2
-23.1474,170.6608,2
-22.5974,170.5664,2
-23.0502,170.78,2
-23.0798,170.4925,1
-23.1975,170.5762,2
-23.1863,170.6153,2
-23.1966,170.7288,2
-23.1312,170.8369,2
-23.2624,170.7122,2
-23.2025,170.9954,1
-23.1973,170.7488,2
-23.1656,170.787,1
-23.3175,171.1683,2
9.4636,125.4354,2
-23.3855,171.2457,2
-23.2712,171.1156,2
-22.9253,170.8954,2
-23.0743,170.7353,2
-23.2356,170.7992,2
29.6187,141.1087,0
-23.0974,170.7174,2
-23.2262,170.6874,2
-22.9717,170.7908,2
-23.3337,170.2809,2
-23.1428,171.0252,2
38.3533,37.7687,2
-22.8902,170.7149,1
19.7025,-65.711,0
-23.1095,170.7541,2
-23.0294,170.5865,2
-23.2333,170.7466,2
-22.8719,171.1172,2
-22.9168,171.0451,2
-23.0873,170.5853,1
-23.1025,170.457,2
-23.4768,171.4234,2
-22.4561,170.738,2
-23.2024,170.8501,1
-14.9918,-173.1158,2
-23.1533,170.8652,1
-23.1549,170.7589,1
-23.3195,171.517,1
-23.162,170.7558,2
-22.9921,170.6539,1
19.1896666666667,-155.5125,0
9.0713,125.0685,2
-23.0735,170.5321,2
-23.2863,170.8272,1
-23.365,171.5059,2
-23.1007,170.5959,2
1.4595,126.4928,0
-23.3513,171.4632,0
5.4953,36.106,2
-22.7944,170.3734,2
-23.0061,170.3857,2
-18.0596,167.7826,2
-23.2686,170.7453,1
12.7964,49.2049,1
-23.4164,171.2419,2
44.713,18.5579,2
52.9254,169.1958,2
-22.4494,171.3552,2
-18.0204,167.6371,1
-23.8754,171.8194,2
-18.0724,167.8804,0
-22.7981,170.5312,2
-23.3613,171.0983,2
-23.0989,170.6543,2
-22.8394,170.5976,2
-23.0779,170.6322,2
24.9574,-45.3824,2
-0.2525,124.5073,0
-23.1226,170.9454,1
-23.2354,170.8886,2
-23.1118,170.6813,2
-23.1276,171.2337,2
-33.9857,56.1717,2
-33.8781,56.1246,1
55.724,162.2132,0
-22.8997,170.5608,2
31.608853,-103.9904524,2
-23.0563,171.0084,2
-23.2867,171.1039,2
39.6195,144.4629,2
-30.5972,-71.4654,0
-23.3621,171.1276,2
-23.2869,170.6068,2
-23.2009,170.9387,2
-23.1965,170.8594,2
-23.0795,170.4868,1
-23.05,170.9852,2
-23.1883,170.8378,2
-23.3257,170.6939,2
-23.2376,170.772,0
-27.9088,-176.0828,2
-23.19,170.7699,2
-23.1036,170.7264,1
-23.3058,170.6085,2
12.3224,121.7867,0
34.9443,24.9064,2
-17.9308,167.6768,1
-23.0421,170.5603,1
-23.1347,170.4528,1
-23.0658,170.4899,1
-23.064,170.5134,1
-23.0955,170.2964,1
-22.6791,170.8267,1
-23.1246,170.1686,2
-23.1081,170.8022,2
-23.0527,170.5006,2
-23.2403,170.779,0
-22.9878,170.3852,1
-22.9946,170.4018,1
-22.9286,170.1667,1
-23.0663,170.581,2
12.3772,-88.5351,0
-23.175,170.561,2
-22.9276,171.0832,2
19.6275,-65.7343,0
-22.8679,170.2022,2
-23.187,170.8572,2
-22.8294,170.5074,2
-22.9326,170.9704,2
6.1851,-82.5606,2
-36.5182,-72.6502,0
-56.6308,-69.2238,1
-23.1785,170.0789,2
-23.0735,170.4536,2
-22.8723,170.7755,2
-23.0994,170.5373,2
-56.5786,-69.2134,2
-22.8249,170.671,2
-23.0444,170.5317,2
-23.3363,171.6534,2
-23.1244,170.5942,2
-23.2487,171.0953,2
-23.3973,171.5344,2
-22.9527,170.4765,2
-22.7312,170.3632,2
-23.2582,170.4882,2
-22.9939,170.6036,1
-6.8651,-11.7494,2
-23.0153,170.658,2
-22.9852,170.5523,2
-23.0282,170.7914,1
-23.0243,170.7398,1
-23.1892,170.6526,2
-23.111,170.4024,2
-23.0634,170.5029,2
-22.3454,170.3664,2
-23.1227,170.6005,2
-32.2263,-177.9789,2
-33.977,56.1422,2
-22.8229,170.7924,2
-22.8827,171.2162,2
-23.347,171.2114,1
-23.2518,170.908,2
-23.3946,171.097,2
5.417,94.4083,0
-22.8898,170.1123,2
-23.2589,171.0329,2
-22.7121,170.838,1
-22.7213,170.7362,2
32.2117,54.9655,2
51.3954,172.8412,2
-23.3747,171.0558,0
-23.4641,171.5298,1
19.4263333333333,-155.256166666667,2
12.2988,-88.4931,0
12.2038,-88.5896,0
39.7844,142.0005,0
-23.2851,170.9927,2
-22.5587,170.6976,0
-23.1103,170.6064,2
9.3074,126.2594,0
53.4983,-165.5865,0
37.2836667,-117.5835,2
-11.3084,162.8905,2
-23.2901,171.5051,2
-23.4573,171.6531,1
40.6649,143.0018,0
34.9574,24.8545,2
-19.376,-173.3476,1
-22.9907,170.7159,2
-23.1718,170.9512,2
-2.717,-80.0599,0
-22.7418,170.7757,2
-17.7689,167.6615,2
11.6704,-86.9452,0
43.608,146.9539,0
-23.0578,170.4579,2
59.1571,-144.62,2
52.9037,-166.8918,0
-23.1866,171.6715,2
-19.3793,-173.3476,1
13.3492,57.4312,2
-2.2224,139.3326,0
-23.0621,170.8421,2
37.9246,36.2523,1
37.5373,137.3086,2
-43.2325,39.3316,2
-23.0379,170.478,2
-43.8739,39.3827,1
-1.0883,120.3466,0
-22.7476,171.0925,2
-23.0377,170.1837,2
0.1212,-77.4579,2
40.3775,-125.5628333,1
28.413,104.8535,2
37.9176,36.2543,2
-1.0993,120.3773,0
-52.1547,139.5343,1
-1.7226,68.0448,2
-62.2579,165.212,2
35.8576,60.5366,2
37.6894,141.9801,0
-52.0046,138.9893,1
-22.898,170.7756,2
-5.024,133.3851,2
-22.8301,170.9384,2
26.8674,97.023,1
3.1142,126.819,0
-22.949,170.2723,2
-23.2742,170.6807,2
-6.6092,129.2493,1
-29.8706,-177.4986,0
-23.7799,171.7145,1
34.4462,139.3058,1
-31.9981,-178.0907,2
3.1003,-84.246,2
-10.4528,119.4553,2
19.6816,-65.7376,2
-34.4255,-179.2846,0
-30.4585,59.9384,2
34.377,139.1655,1
-30.5268,-178.1134,2
52.4844,160.1092,0
-15.7375,-173.5636,1
-7.6524,158.1943,1
-9.4328,124.8101,2
42.8308,144.4942,0
-34.5932,-179.0425,2
-3.2314,139.8157,0
37.9346,36.2708,2
37.8904,36.2608,2
-56.1485,-26.948,0
-6.6291,129.3484,2
37.535,47.606,2
46.0988,21.3889,2
-22.5768,171.118,2
11.546,141.5963,2
19.6895,-65.7368,0
-55.5109,-123.9536,2
-22.9658,170.4881,1
3.0902,126.6613,0
11.6249,125.6498,2
-22.8913,170.5605,2
-22.6736,169.8453,1
31.61294221,-103.9696252,2
31.61062189,-103.9766083,2
-22.9429,170.9962,1
37.9429,36.3225,2
-34.2441,179.9713,2
-22.6588,170.3901,2
14.2364,-94.0793,2
-23.1008,170.3508,2
36.4414,22.1083,0
12.1205,143.08,0
-23.2419,170.634,1
41.6893,143.4504,0
-22.9954,170.3067,1
-22.8109,170.2711,2
-23.0209,170.2154,2
-22.9763,170.3299,2
23.9526,122.5806,2
-5.0407,153.136,0
-31.9162,-177.8512,2
-22.7825,170.7932,1
-23.0726,170.5184,2
2.0291,96.3192,2
-10.1151,111.0585,2
-36.7964,-73.65,2
-3.8159,151.4158,1
-22.8319,170.3219,2
-23.2448,170.1737,2
41.7694,82.3866,2
3.0781,126.7467,1
41.6005,82.3288,2
2.9393,126.6079,0
-60.3231,-25.6999,2
51.9091,-171.2172,0
-22.9482,170.8542,2
-6.448,148.9089,0
-2.9948,139.1775,0
-7.9393,115.2242,2
-23.1868,171.0165,2
5.7164,124.5005,0
5.7023,124.2519,2
-23.1444,170.5937,2
66.4833,-17.6882,2
-18.0671,-12.4291,2
-29.5951,-71.6585,0
-16.0148,179.1306,2
29.6551,81.2484,2
-36.793,-73.7335,2
-58.1646,-26.0619,0
-36.7862,-73.7152,2
5.6719,124.2704,1
-10.1822,161.2848,0
-40.9055,42.7229,2
37.5775,144.3597,2
5.6282,124.1739,2
-0.7877,98.4891,2
-7.2599,129.7558,0
-31.817,-178.9121,2
5.5386,124.2323,2
-17.9835,168.1825,0
-56.7484,-140.8124,1
-22.996,170.2532,2
-36.7199,-73.7256,2
-4.7194,153.1603,0
5.5494,124.2203,2
3.0484,126.7046,0
-7.6953,105.3229,2
-38.3835,-75.3185,2
-4.7131,131.2799,0
-23.0419,170.5728,2
17.5514,122.281,2
1.1724,126.3169,2
-22.8176,170.3086,2
42.1166,142.517,0
34.8432,140.8268,0
-35.3897,-105.5202,2
-19.6773,-69.2534,2
-63.3448,174.2644,2
8.9223,-77.0904,1
8.8411,-77.0924,1
-20.2779,168.9168,2
-3.1887,130.7702,2
-1.4868,119.4146,2
28.3803,104.4859,2
19.7483,-65.7618,0
8.9051,-77.1082,2
35.6694,35.6427,2
8.9039,-77.1261,2
8.7742,-77.1783,2
8.8748,-77.1716,2
31.70610769,-104.5465081,2
-23.2483,170.774,1
7.863,-80.8766,2
-23.4711,170.3975,2
-7.9128,123.1573,2
19.6598,-65.7618,0
60.0305,-140.3565,2
-22.6873,171.1337,2
21.1001,122.0167,1
38.0916,38.5909,2
12.1835,123.8377,2
-49.5605,116.1666,2
51.4923,-176.6727,0
44.2405,38.9686,2
32.627,141.8022,2
80.4957,-2.5992,2
1.2905,97.0344,2
55.4196,-159.4019,0
-49.2025,120.4282,2
-6.1715,149.9685,0
61.7042,-150.8255,0
37.8644,73.3477,2
60.0445,-140.3302,2
39.8451,75.0521,0
65.8464,-155.8107,2
2.1229,96.1383,2
52.919,-168.0791,0
35.5294,140.5281,1
35.5159,140.606,0
40.2266667,-121.1478333,2
-23.1274,170.7024,2
-15.0522,-173.4392,2
-29.9862,75.5943,2
-23.4153,171.4259,2
12.1365,144.0073,2
53.825,-165.2009,0
-15.1992,-173.2468,2
-43.1776,39.1764,1
-39.0059,-91.372,1
-38.6844,-91.6297,2
5.7849,-79.7163,2
-23.2824,170.6377,2
-0.7027,-60.2934,2
-50.033,115.6808,2
19.6198,-66.3206,0
19.536,-66.2878,0
9.2536,-75.3378,0
54.3578,163.8456,2
51.4649,-177.0945,0
19.652,-65.7881,0
-21.3135,-173.7002,2
45.4738,150.8604,0
30.0021,129.912,2
78.5131,7.6742,2
-57.9373,-25.6017,1
38.2762,21.7675,2
-57.9046,-25.4935,0
78.479,7.4581,1
19.4885,-64.296,0
27.0688,92.6797,2
41.4049,142.6376,0
54.3779,161.4794,0
-47.8689,99.9474,2
-47.8224,99.9501,2
19.528,-65.7191,0
19.7406,-65.7353,0
16.3971,122.1957,0
42.4278,148.973,2
52.1239,-168.4677,0
35.0875,85.9811,2
19.0926,-64.8685,2
19.07,-64.8066,2
19.0648,-64.8236,2
34.4416,70.4644,0
31.0733333,-116.6141667,2
-37.5423,144.8406,1
-18.3262,168.11,0
-10.5114,164.8268,0
18.3383,-105.8644,2
53.1538,142.6713,2
-58.3678,-139.9059,1
28.6722,91.4759,2
-15.8145,-72.0539,1
-55.2912,-128.0888,2
-29.9975,-177.6248,0
19.4025,-68.3273,0
18.9578,-65.434,2
19.6025,-65.32,0
-1.1166,120.5444,0
19.3091,-68.3898,0
35.6786,140.865,0
13.407,94.1485,2
26.7587,92.4485,1
14.4998,56.3603,2
-23.4089,171.0158,2
35.5444,140.2563,0
-32.8763,-179.1526,0
-37.2587,78.0145,2
19.0801,-68.3638,0
19.0231,-68.2491,0
-14.9553,166.9806,1
52.571,-169.7375,0
-2.7953,126.5605,2
9.8069,125.1974,2
9.8325,143.0629,2
-52.8793,10.4622,1
24.0473,142.9966,1
9.6206,-84.8992,0
-31.8532,-178.6841,0
-17.2373,-172.4464,2
51.469,-176.0835,0
5.3284,-82.5993,2
-29.4203,-71.3563,0
37.5033,137.4734,2
-57.1747,-67.7336,2
-5.505,-11.5653,2
-21.9542,-68.5283,2
-3.3228,28.9229,2
14.9361,121.7177,2
1.9332,126.7813,0
-20.7038,-70.6344,1
38.5796,73.1842,2
19.6468,-65.7148,0
-35.5735,-74.5237,2
-23.3799,170.9593,2
52.8456,159.7977,0
-50.0009,126.8287,2
34.0218333,-119.1248333,2
43.918,147.5477,0
-33.8676,-179.8444,0
-60.7883,-19.9354,2
33.4203,139.2833,2
52.3587,-169.6322,2
13.6198,-91.5107,0
-5.7635,151.9878,1
23.9456,122.5759,2
30.0056,129.8607,2
19.6315,-65.7171,0
12.8107,-88.8556,0
41.7695,71.8063,2
26.0736,95.1588,0
-5.6947,151.9319,1
-5.6589,152.0163,2
-5.8377,152.1526,2
-5.6476,151.842,2
-5.7253,151.9958,2
-5.6959,151.9258,1
-5.8096,152.0634,2
52.0472,175.2016,0
52.5554,172.4333,2
29.2837,142.278,2
-5.8356,152.0623,2
40.858,79.291,2
14.2395,-93.0873,2
-5.3034,142.3807,2
-23.3001,171.3695,2
-5.7125,151.8582,2
-5.7425,151.8234,2
18.1832,146.6852,0
-3.7795,101.4329,0
39.6139,-119.9797,2
46.6903,152.4323,0
3.0939,-83.0363,2
-23.7819,171.8772,1
12.4233,144.7323,1
19.7178,-65.7038,0
41.3773,-106.7672,2
24.2328,122.1031,0
51.3871,-177.078,0
-49.9368,163.6244,2
-5.9536,152.2496,2
-24.615,-175.4328,2
51.5162,-173.3975,0
8.3439,126.2865,2
-23.4547,171.3006,1
34.9635,23.5886,0
-18.3848,168.0706,1
-16.1509,-75.5507,2
12.3332,-87.815,0
-60.9422,-25.4991,1
12.2724,123.6621,0
6.1356,120.9311,2
3.6107,126.6805,0
55.3387,163.1459,0
4.809,125.4626,2
51.3372,-176.9932,2
25.9991,128.5121,2
-27.4475,-66.5322,1
-18.4357,168.0986,1
-18.4392,168.1268,1
-15.6726,-71.6143,1
-11.6345,166.2357,0
-15.8595,-71.7954,1
-15.8418,-71.9907,1
75.8915,7.2754,2
12.4356,48.2347,2
12.3626,48.3064,2
12.4157,48.2381,2
12.4599,48.2599,1
12.3344,48.2515,2
12.4315,48.3762,1
12.4693,48.188,1
12.5434,48.2403,1
12.1785,48.1589,2
12.7242,48.1352,2
12.5774,48.1301,2
12.7435,48.1642,2
12.3849,48.1537,2
12.6663,48.1101,2
12.6654,48.1216,2
-15.9097,-72.0234,2
12.6434,48.1757,1
12.5952,48.2107,2
36.7948,61.6165,2
26.9661,-111.483,2
12.4789,48.2459,2
6.421,124.7491,2
0.5531,96.5897,2
12.558,47.9369,2
37.5223,56.7446,2
12.5382,48.1389,2
12.5774,48.2719,2
12.7078,47.9368,2
12.4621,47.9835,1
12.5875,48.0291,1
12.6289,48.1236,2
41.978,142.5738,0
12.4675,48.0564,2
12.6207,48.0472,2
-5.8504,152.2992,2
25.2464,96.2529,2
38.7921667,-122.7785,2
38.7961667,-122.7953333,2
12.6194,48.2622,2
12.5626,48.0922,1
12.4312,48.2633,2
-18.3088,-71.393,2
12.3326,121.915,0
39.4591,37.0948,2
53.6328,-163.3091,2
53.7016,-163.3285,0
53.5487,-163.2876,0
33.0663,135.8148,2
3.0313,126.9395,0
12.534,48.2455,2
12.6474,48.5285,2
42.8265,145.8768,0
53.5131,-163.1984,2
15.894,144.9009,1
53.5034,-163.2913,2
-18.3273,168.0768,0
53.5582,-163.4572,2
-15.172,-72.9996,2
16.0055,144.979,2
-15.2113,-173.1804,1
8.8554,126.261,0
14.5343,39.8828,2
-3.0827,137.3178,1
35.5685,140.2729,0
12.5989,48.0296,2
18.0056,119.2853,2
2.7931,96.0551,0
-2.2634,138.5162,0
-8.1607,107.9671,0
37.2183,142.2694,0
51.5854,-176.7788,0
18.6635,-74.2567,2
38.3401,93.6396,2
25.1816,128.2919,1
19.6966,-65.7298,2
10.3546,126.8438,2
-22.6785,170.9745,2
-56.6991,147.6358,1
-56.7448,147.3689,2
12.6288,47.9576,2
-40.2515,-16.8345,2
12.8765,95.4751,2
-40.0867,-16.7374,2
38.4328,142.3281,0
-62.2765,155.4298,1
-34.805,54.287,2
-23.0091,170.2339,2
21.6705,-76.4624,2
37.6502,72.0979,2
-15.1019,-173.5114,2
-15.8993,-72.0405,1
0.9724,126.5805,0
-15.8336,-72.0772,2
-10.0963,118.7098,0
-15.7861,-71.8108,2
12.0236,143.9198,2
-5.7319,151.9904,1
-5.743,151.9962,2
1.3573,118.0747,2
1.4734,118.7947,2
37.9672,36.5784,2
23.007,-100.1312,2
-5.7301,152.0163,2
-41.1795,80.8322,2
38.9061,142.0628,0
-20.89,-173.8294,2
51.4824,-175.9663,0
40.485,-124.7696667,2
-7.651,107.0857,0
52.8846,-166.7568,0
14.6183,147.0637,0
18.699,-74.2301,1
-10.5364,161.166,0
11.4477,125.7847,0
32.6386,47.6964,2
-23.3252,170.9308,2
0.7602,126.3698,0
19.7968,120.1386,2
53.5032,-163.1656,2
36.2453,142.0593,2
36.3117,141.7519,0
-4.8096,133.75,2
46.0645,21.4014,1
-21.3184,-69.8923,0
-15.8589,-72.2625,2
28.0367,66.4,2
14.8907,147.3189,2
-23.0942,170.0901,1
-23.0558,170.2262,1
-23.1251,170.1138,2
38.0228,73.2367,2
-23.0402,170.4742,1
-23.0705,170.4394,2
-60.3214,-26.6702,1
57.0081,-155.9271,2
-32.4979,-71.8048,2
-38.7601,46.6302,2
57.0383,-155.9438,2
-6.5543,131.1269,0
10.3758,126.0088,0
51.1308,-179.0113,0
51.1271,-179.0992,0
46.5299,152.6532,0
16.8861,95.5462,2
12.9427,144.8532,0
13.8062,122.8763,2
16.8315,95.6686,2
-16.7731,147.0246,2
42.0428,24.8423,2
-35.8278,-73.6095,2
-55.9036,-27.171,1
-0.6847,134.0625,2
4.0651,126.6228,0
17.9126,-68.1575,0
-5.5204,132.4481,2
-9.2893,110.6989,1
43.7813,85.9536,2
17.9913,-68.937,0
6.0189,-77.8504,1
-28.717,-175.703,2
-22.8824,170.4931,2
-7.8928,107.331,0
18.6075,122.2648,2
-16.2807,-74.1425,1
-16.3575,-74.242,2
-8.0929,120.6452,2
-6.2711,104.6388,0
37.7829,36.3231,2
-53.7701,140.4478,2
-40.442,176.9463,2
-5.6982,151.9814,1
-22.3497,170.28,1
-5.7661,152.0602,2
-22.3591,170.3702,0
56.1997,-149.1876,2
-40.5423,176.9972,2
38.6013,22.9574,2
-5.9087,152.5709,2
13.355,145.577,0
29.2789,132.0213,2
-19.4602,-173.0183,2
-23.1634,171.0769,2
33.039,84.756,2
-23.4539,170.9949,2
51.8886,177.6974,2
51.7299,177.7629,2
51.893,177.6174,2
51.9155,177.6181,2
55.3229,163.0302,2
53.5595,108.47,2
12.9898,-89.6965,0
55.3836,162.9908,0
33.7716,71.0951,0
-1.9529,125.687,2
37.9557,73.2875,2
-13.2274,66.2284,1
19.6926,-65.6526,0
37.9334,73.3511,2
51.8302,177.685,2
-11.1876,162.1224,2
44.2807,149.2866,0
-2.8026,129.2057,1
14.4102,-92.9096,0
16.0867,-97.5566,0
-1.2003,98.2138,2
12.0002,-88.0478,0
-23.652,-177.1714,2
21.1244,99.8603,2
12.2699,-87.8975,0
-47.3188,-12.6236,1
58.2593,-155.1121,2
-23.2568,170.6096,2
-60.5065,160.2974,1
-60.4115,159.6411,2
-2.8089,129.2529,2
-23.6738,-177.1376,2
-23.2804,171.6299,2
-23.8703,-177.3733,2
34.5247,25.356,0
22.8409,120.6558,1
53.4697,160.4233,0
22.8318,120.6059,2
-15.954,-179.0523,1
38.5793,22.9114,2
19.2065,-67.9828,0
-2.7931,129.2339,2
-30.7131,-71.5625,0
11.8124,125.9285,1
-21.5935,-69.557,2
33.8345,135.1922,0
10.5892,126.2096,0
-60.6035,159.5042,2
18.8983,-68.5478,0
4.0073,122.9354,2
10.5619,126.285,0
-5.8975,151.8312,2
10.0493,-79.5157,2
-26.3305,28.1506,1
-23.2764,170.864,2
12.5303,-88.8243,0
46.1872,153.1618,1
-5.7258,152.048,2
37.7894,27.186,2
-5.6791,102.9252,0
-2.9534,136.6526,1
2.6979,66.4592,2
40.1178,40.985,2
-6.6253,-11.2688,2
48.7831,129.6062,2
-6.2358,150.6449,1
42.2535,104.7159,2
46.2339,153.2192,2
24.201,122.4809,0
-56.9169,147.6805,1
65.5752,-144.4827,1
-29.8067,-176.8291,2
-29.7693,-176.832,2
-32.0084,-178.2174,2
-8.1057,147.4726,2
36.3852,141.7687,0
38.6043,22.9198,2
-1.8337,133.1963,0
24.1082,143.0146,1
29.71,81.5777,2
15.5331,-96.7899,2
51.1957,-178.7526,0
-15.1813,166.019,2
-53.3974,159.0144,2
-8.5207,157.2361,1
-5.8412,153.357,2
43.8295,21.3008,2
-18.9474,-67.8824,2
44.6192,-114.257,2
-16.162,178.2885,2
-4.0625,133.6433,2
-59.9732,-24.4773,2
53.7208,87.956,2
19.6568,-65.7828,0
-18.4603,64.1777,2
-10.9313,113.8556,2
24.5605,-46.3334,2
18.2361,-67.7163,0
12.6113,-88.7563,0
-19.0222,-173.7036,0
24.1056,142.869,2
33.1159,75.9173,1
-16.278,-74.1496,0
12.886,-90.9752,0
64.4123,-163.5773,2
53.944,-163.3235,0
-3.172,147.506,1
-6.2598,142.5893,2
-3.0785,147.4636,2
13.9338,119.9211,0
24.1072,142.8547,0
51.5094,-178.5094,1
-29.4511,-177.111,0
-29.2435,-177.0723,1
-29.3404,-176.9828,1
-29.199,-177.2744,0
-29.4885,-176.9211,0
-29.346,-177.1333,1
-28.3891,-177.4298,2
-29.2012,-177.0261,1
-29.415,-176.8817,0
61.4012,-150.889,0
41.6983,80.8615,2
33.0446,75.948,2
-28.3835,-177.6199,2
-29.5779,-176.8536,0
24.8919,122.452,2
24.8977,122.4301,2
19.6085,-65.7691,2
56.4213,-148.6452,2
19.544,-65.772,0
19.5543,-65.7555,0
46.1449,153.2225,2
-8.3519,116.8558,2
-52.7003,27.3145,2
-63.1658,170.0955,2
18.1121,-66.9516,2
-29.2571,-176.7942,2
-29.7591,-176.831,2
18.7875,-64.8543,0
-3.109,142.0729,0
-5.3794,152.3481,0
-35.7661,-73.5038,2
-6.5253,131.2612,0
50.3167,178.9679,2
1.6027,125.6569,0
29.1514,130.5682,0
35.6752,140.7184,0
35.6895,140.7296,0
-35.732,-73.5752,2
24.8795,122.55,2
-29.1869,-176.778,1
-6.1628,152.7864,2
3.5269,126.5868,0
50.3839,179.0975,2
23.5585,121.5178,0
-29.2585,-177.145,1
-1.7229,138.9308,2
-9.1792,123.9135,0
33.5488,141.1637,0
-29.3252,-176.9084,1
32.5391,94.3219,2
11.6476,142.1874,1
0.2737,126.0182,0
12.4594,47.9566,2
-29.4201,-176.7295,2
-1.0046,29.254,2
15.8337,-95.0294,0
12.8066,47.9474,1
-10.8708,161.1862,2
28.3524,52.3563,2
-34.5251,-71.882,1
19.354,-63.9545,0
-10.8625,161.2446,2
34.9699,23.4992,0
-22.0541,169.7722,2
-23.7401,-175.5835,2
55.6398,162.7385,0
15.6953,-96.5222,2
24.7339,92.0224,1
15.6305,-96.4376,0
19.6496,-65.734,0
55.3247,-156.7323,2
8.3513,-84.2112,2
64.4223,-163.6323,2
-23.5201,-175.9259,1
-23.4916,-175.8448,0
-23.399,-175.8813,2
-23.4104,-175.9564,1
-23.5509,-175.8147,1
-30.403,-72.1963,2
-23.6744,-175.3652,1
-23.9502,-175.3139,2
38.667,42.996,2
19.1015,-64.9156,0
-23.6134,-175.9363,2
-23.5603,-175.602,1
-23.6541,-175.7926,2
-23.6714,-175.72,0
-23.652,-175.6909,2
35.6288,140.7607,0
-1.2685,-24.3991,2
46.2145,-0.7295,1
-23.8276,-175.3838,2
-23.4576,-175.8382,1
-6.5498,154.8638,0
-24.1279,-176.636,2
20.0431,121.317,1
51.1072,-179.1355,0
-23.5577,-175.6208,1
-23.6273,-175.6507,2
-23.7906,-175.7011,2
-23.5832,-175.8992,1
-23.5514,-175.6836,2
-23.5275,-175.9471,0
-23.5502,-175.8052,2
51.8579,-173.7814,2
38.5352,67.8378,2
-20.6453,-70.6888,0
41.1421,142.7329,1
-10.2505,161.1064,0
-28.3185,40.5391,2
12.5438,48.224,2
46.2958,-0.9822,2
-9.6259,114.2335,0
-10.8603,161.494,2
6.0341,-72.234,0
19.1176,-67.5458,0
40.257,143.7456,2
7.6011,-82.3225,1
-23.7024,-175.8088,2
-25.9848,70.7644,2
-23.4787,-175.7837,2
42.1227,142.7791,0
-23.1121,170.512,2
19.154,121.2021,1
-22.7848,170.4677,2
49.4021,157.8014,2
-23.4652,-175.472,1
-23.5647,-175.8688,2
-23.2651,-175.8247,1
-23.4892,-175.3532,2
41.3973,142.6033,0
-23.5294,-175.7246,2
38.4669,44.9405,2
-23.336,-175.6513,2
-23.9141,-175.5442,2
-23.8279,-175.9791,2
-23.4687,-175.5378,2
-23.5099,-175.2406,2
39.0,144.682,2
-23.8451,-175.9418,2
-15.309,168.1988,2
-4.369,-81.9976,2
33.2377,75.9002,2
35.7353,79.9423,2
-23.6705,-175.8633,2
-14.9328,-173.2694,1
14.4764,144.3282,2
14.4291,144.157,2
35.8001,79.8923,2
12.4676,120.7197,2
-49.1748,124.807,2
-16.3978,-173.9762,0
37.6295,37.4085,2
33.0208,75.9599,2
-20.5142,-70.5666,0
2.6182,126.1509,0
-23.8866,-175.6426,1
6.8263,126.3669,0
19.7718,-65.682,0
35.614,79.772,2
39.0893333,-123.0895,1
49.9722,-176.4365,2
-56.1064,-26.41,2
-0.6767,-77.5799,1
-18.065,-174.337,2
34.4988,143.079,2
-24.2364,-70.167,0
-23.8466,-175.5957,1
-23.8469,-175.9568,1
-23.9165,-175.977,1
-23.9629,-175.8514,1
-23.8696,-176.0418,2
-23.8159,-175.9282,1
-23.7473,-175.92,1
-23.8663,-175.8529,2
38.1989,38.5869,2
-23.6241,-175.9596,2
-23.5852,-175.8871,2
-23.7375,-175.7243,2
14.842,144.1918,2
14.6893,144.1967,2
-29.8715,-72.0873,2
14.7568,144.2585,1
29.8241,68.4073,2
31.1917,131.559,0
-23.8003,-175.8614,2
-23.8042,-175.8024,1
10.2333,126.2524,1
54.7215,-159.9287,0
23.1803,-108.684,1
31.125,131.551,0
37.841,36.2621,2
-24.2083,-175.3792,2
-48.6747,31.1598,1
54.0144,-163.6729,0
38.1399,38.0173,2
56.727,161.2141,2
15.2546,96.2895,1
-0.1794,125.208,0
-23.4956,-175.6963,2
36.6276,4.7018,2
-44.3182,-81.7822,2
15.296,96.3568,2
15.235,96.2152,2
15.4065,96.1871,2
-15.6835,-74.5364,0
-23.1844,170.6625,2
9.5029,138.1877,2
51.2466,-178.0734,0
-27.8174,172.1769,1
5.9842,-82.3534,1
35.498,-118.145,2
-3.6837,142.9791,2
-0.171,125.0959,0
9.6782,-84.5527,2
38.8221,44.4443,2
-4.4729,144.8345,1
15.4018,96.2849,2
-24.3574,-175.367,2
46.3411,152.977,2
-23.8528,-175.8118,2
51.0837,-174.935,0
-23.2554,170.8916,2
-7.4994,112.502,2
46.2022,153.1355,2
37.3123,-104.4787,2
-4.4697,144.7088,1
-4.4773,144.8507,2
5.4391,126.9515,2
-4.5419,144.8563,2
46.2079,153.1051,2
-23.9487,-175.0544,2
37.9955,36.5699,2
51.2087,-174.9783,2
46.2735,152.97,2
-24.1323,-175.5918,2
-4.4717,144.8664,1
35.8745,139.7498,0
31.3435,131.3027,0
50.3216,178.8447,2
-23.8229,-175.6493,1
9.7527,125.8107,2
50.677,-129.8455,2
51.6016,178.0585,0
-0.9635,98.4661,2
19.7715,-65.6571,0
-0.9749,98.6065,1
15.2432,96.2519,2
-23.8198,-175.673,2
-23.6924,-175.7628,2
-24.3099,-175.8812,2
13.791,-92.2761,2
-4.4815,145.0043,2
-23.8496,-175.64,1
-23.7361,-175.8594,1
35.8932,176.0816,2
55.2618,163.0572,0
31.231,111.3257,2
-37.1099,-96.094,2
39.1237,142.1614,0
-2.5234,139.1513,2
29.8792,-42.7924,2
5.4612,127.0329,2
-0.1942,123.1484,2
-4.9029,153.0857,2
9.1371,93.367,2
15.4201,96.1549,2
-12.6995,-14.3575,2
-24.1926,-175.4003,2
-12.8068,-14.6775,2
-12.8249,-14.9883,2
-12.7671,-14.7485,1
79.4692,3.0707,2
15.2518,96.3573,2
39.1779,72.2739,2
-28.6843,-176.0106,2
-6.4355,143.5496,2
-24.5825,-175.8271,0
-11.6513,166.3832,0
62.4333,-150.5708,0
-60.4494,-27.0376,1
42.1325,15.6759,0
-23.9835,-175.7336,2
15.3125,96.3708,2
18.6885,-64.9541,0
-23.4763,-175.62,0
15.2265,96.4824,2
15.4197,96.356,2
-18.3517,124.8027,2
-4.7708,153.0473,0
-15.2261,-177.3823,2
-15.339,-177.4629,2
51.1053,179.8059,0
15.4378,96.2622,1
-10.0688,160.8802,0
-5.1835,35.9976,2
26.3267,127.8476,1
-23.5859,-175.9215,1
-16.2421,178.6895,0
-9.3222,119.5755,0
44.0179,33.4058,2
32.5711,142.4948,2
38.1122,38.3939,2
23.826,121.7792,2
15.3774,96.1679,2
-0.9178,124.638,0
-24.5361,-175.7791,1
41.5834,142.0686,0
-59.7447,-24.6883,2
52.4172,160.1546,0
-6.3428,131.1576,0
10.3943,-86.2086,0
27.5072,54.8386,2
-23.3353,171.1046,2
-24.4662,-175.9166,1
21.3269,93.7994,0
34.3518,141.4252,2
-31.5395,-177.9009,0
12.3267,-88.151,0
62.1865,-149.4382,0
-22.7597,172.6548,2
23.6961,122.0055,2
34.3023,141.5669,2
-23.836,-175.3984,2
1.0475,120.4413,0
-15.7591,-173.547,2
19.2146,-67.7243,0
32.1027,142.2678,2
28.1832,57.3512,0
2.6571,95.878,1
2.5826,95.8472,2
-27.0949,-176.6428,1
39.1031,20.5575,2
44.8921,-28.0466,1
44.9118,-28.0536,2
44.8034,-28.1394,2
44.8169,-27.9521,1
44.9892,-28.1638,2
44.8874,-28.0772,2
45.0218,-28.0493,2
-33.4292,77.8077,2
-15.1765,-173.0036,1
20.8887,108.9702,2
44.9906,-27.9859,1
44.6936,-27.8165,2
44.537,-27.7689,2
45.0874,-28.0033,2
45.1343,-28.0497,2
44.9547,-28.0502,1
54.7003,163.9301,2
-15.3499,-177.3496,1
-22.9826,170.6279,2
37.2695,141.9901,0
44.956,-28.0455,1
34.3884,-36.8029,2
51.6314,-175.8994,0
14.8953,147.4039,2
43.0201,146.7751,0
-23.8487,-175.8353,2
52.1081,-170.7474,0
38.468,142.1912,0
44.06,-11.8227,2
-12.65,66.0925,2
32.4905,142.4815,2
47.0148,80.1465,2
61.2768,-150.103,0
-29.2661,60.8846,2
12.1894,-88.1253,0
28.5166,141.8674,0
-24.2319,-175.4991,1
29.9395,139.9502,1
29.9109,139.9701,1
-15.5476,-74.1005,0
29.4636,139.9142,2
29.9893,139.8518,2
-17.5011,-173.3231,0
-24.0643,-175.9429,2
-15.2545,-177.5115,2
32.4762,142.5137,2
-12.1799,124.5564,2
13.9868,144.8569,2
-24.0818,-175.576,1
-24.2749,-175.8006,2
-24.0774,-175.7028,1
28.1357,141.9042,0
-24.1992,-175.6497,2
-24.1379,-175.3565,2
-24.1022,-175.7879,2
85.0816,93.9178,2
85.0001,96.9327,2
-24.4586,-175.1902,2
-11.5358,166.3443,0
-57.068,-25.1013,2
-23.6865,-175.4782,2
34.3569,69.5631,2
-23.8082,-175.519,2
28.2558,52.8501,2
1.6379,126.6483,0
18.9305,-63.5591,2
-28.7291,-176.7005,1
-30.1137,-176.3804,0
-23.7703,-175.8236,1
37.1215,43.492,2
31.269,141.8725,2
-23.9637,-175.7354,2
51.6161,-176.8982,0
0.5158,126.3366,0
19.1985,-64.6178,0
9.0468,93.8134,2
12.3377,-88.3443,0
13.7408,92.7235,2
9.2868,93.5555,1
53.0046,170.9202,2
-23.9077,171.9536,2
9.3365,93.7769,2
10.0133,122.1553,2
-23.8279,-175.4507,2
19.2336,-67.5883,2
19.248,-67.576,2
-30.1306,-71.2607,0
19.3003,-67.5963,0
-23.2713,170.7467,2
-3.8145,152.3045,2
38.5003,39.1965,2
-7.0831,105.1712,2
0.5975,-79.9858,1
4.9265,127.2959,2
-5.6473,151.9799,2
-11.3915,116.2307,2
-6.5677,104.5758,0
-9.7851,158.8485,2
47.5921,153.7343,0
-23.7846,-175.7847,2
-18.8082,-171.0845,2
-24.6519,-175.4725,2
35.7107,141.4514,0
-12.3784,167.5853,2
13.0479,144.6204,0
-16.2722,178.5024,1
-23.705,-175.6093,2
55.6066,163.0748,0
5.351,-77.7289,2
-49.8404,163.4828,2
-13.1419,166.5422,0
34.367,88.9465,2
39.961,143.7065,2
16.2764,99.9211,2
32.5094,47.3286,2
-7.0931,155.3829,2
-4.4648,145.1046,2
46.7943,154.009,2
37.4017,73.1129,0
2.2078,-84.5602,2
37.9845,36.298,2
-35.7313,-73.4381,2
-16.6612,167.4783,0
19.2126,-67.4315,0
51.4506,179.6565,0
2.1059,126.5527,0
-5.0063,130.8358,0
-16.305,-74.2167,2
10.1876,126.9028,1
-24.696,-175.3309,2
38.0788,37.2715,2
-37.4433,146.3112,2
62.4776,-148.2333,0
-23.2482,171.0209,2
23.9049,122.2653,2
16.356,146.1311,2
19.5886,-65.6566,0
-0.4824,-28.7033,2
2.9948,-73.6029,2
19.7258,-64.2373,0
-7.5295,155.2382,2
-60.3188,-24.9232,2
36.5965,140.9286,0
26.9851,96.6035,2
36.5258,25.6829,2
-5.2918,151.7642,0
11.4597,57.8606,2
43.2819,82.8022,2
-0.5743,122.4631,1
-7.0368,68.439,2
-35.719,-73.4049,2
19.246,-65.7905,0
21.0899,99.5285,2
24.3561,124.9122,0
19.6501,-65.753,0
19.6238,-65.7225,0
51.896,177.5903,2
45.0814,-27.9625,2
-16.3167,-173.4229,0
10.1911,127.331,2
19.7096,-65.7256,0
-34.0581,58.137,1
17.9856,-102.7068,0
-31.7572,-68.7632,1
28.1045,104.9825,2
10.1775,127.0563,2
51.2733,-175.1622,2
19.6603,-65.7443,0
10.0538,126.8121,2
18.8496,-64.3921,2
17.3084,-84.2456,2
-0.1518,88.7185,1
53.6222,-133.2051,2
2.9744,96.0994,0
-49.3451,-116.088,2
19.6086,-65.7573,0
35.5011,141.1034,0
37.9322,87.1355,2
-26.4903,71.9997,2
-7.9093,117.6532,2
-6.7537,103.8543,2
-23.1763,-175.3225,2
-13.1794,166.3062,2
19.2856,-64.5591,2
-17.7783,-173.5802,0
19.6621,-65.758,0
-4.2769,123.8656,2
19.6833,-65.6798,0
-16.0204,-73.8039,1
19.7061,-65.7173,0
-23.5308,-175.5971,1
8.6676,126.0103,0
18.0156,-68.5058,0
26.7267,129.6335,2
14.6607,39.9127,2
34.7685,97.2699,2
26.8765,55.183,2
33.827,-118.881,1
-7.8066,128.3736,0
14.6721,40.0081,2
19.0806,-65.3783,0
19.012,-65.4523,0
-5.8411,132.0253,2
23.973,142.9698,0
14.7034,40.1281,2
-3.6552,137.5595,2
-0.1034,97.3302,1
-0.1909,97.3851,2
0.009,97.2781,2
-0.0868,97.3409,2
0.0138,97.4465,2
14.5513,39.7597,2
32.4203,47.3544,2
-23.5141,-175.4856,0
53.6108,160.9479,0
57.7708,-155.9649,2
-60.1131,-24.6699,1
-51.4196,139.4795,2
-51.5794,139.5734,2
15.534,147.3585,2
-3.7294,140.1702,1
73.4193,7.6136,2
-23.7992,-175.7307,1
24.0683,143.0109,2
-24.0015,-71.5704,2
-21.4916,169.6578,1
-23.4972,-175.5396,2
-23.7275,-175.7081,2
17.9478,-67.0815,2
0.8446,97.0438,2
-17.0147,-176.2718,1
61.2895,-149.5901,1
53.7903,-164.0211,0
-23.9581,-175.597,1
13.8404,-92.6724,2
40.4,-125.6436667,2
-16.9518,-177.0279,2
-0.1107,97.2193,2
41.729,49.2631,1
-13.4034,166.4669,1
-13.4418,166.2513,2
41.8181,142.8753,0
-30.5675,-71.7368,0
43.804,89.3371,2
-41.0716,88.5994,2
-23.7054,-175.771,1
38.3328,76.4624,2
27.1672,54.5117,2
56.2086,162.9453,0
5.1139,-82.6839,2
54.5463,-159.6657,2
-58.1698,-12.7615,1
40.3898333,-124.4095,0
-33.0508,-179.4076,1
-19.8142,41.6348,2
51.164,-178.3492,0
81.6263,120.9012,2
21.1685,93.3301,0
-56.0012,-25.3023,2
54.4448,-162.2408,0
-0.1738,97.4082,2
-23.1909,170.8363,2
64.0043,-22.0904,2
40.2315,-121.1571667,2
64.0616,-22.0766,2
40.7696,144.8072,2
-57.7094,-25.3639,0
-13.115,166.3858,2
-1.2943,-24.0537,2
-0.091,97.3276,2
0.0089,97.2079,1
64.1032,-22.0129,2
36.0916,68.9086,0
18.7901,-65.2961,0
1.5979,66.8082,2
42.3652,142.552,0
18.2484,95.0973,0
64.0375,-22.0794,2
-0.0806,97.3847,2
23.6179,93.9413,0
-13.3043,167.2591,2
63.9816,-22.2112,2
14.5505,39.9141,2
64.0117,-21.9813,2
64.1159,-22.1521,2
-18.6964,65.2654,1
-32.685,-68.6934,0
26.0064,-110.4187,2
38.3211,-28.736,2
-13.3392,166.219,2
15.2676,119.8584,0
-61.0811,154.2137,1
24.0486,142.8271,0
-14.2396,166.1867,2
2.1826,122.71,2
23.1076,121.2293,2
7.9951,135.6072,2
-17.5485,167.8688,0
-9.5018,148.9294,1
15.0746,124.749,2
63.9122,-22.6431,2
14.854,108.1489,2
52.3331,159.6196,0
-54.9422,-129.7874,1
63.8728,-22.6028,2
-52.8192,25.9444,2
63.8685,-22.8633,2
-2.4149,140.0261,1
40.4428,142.3189,0
31.536,78.3517,2
51.6266,178.6652,0
-32.7523,-71.9165,2
-24.6474,-175.7902,1
47.6133,153.5683,0
37.3637,73.0968,0
-10.3642,120.1969,0
52.7688,-168.2431,0
-2.1729,28.9431,2
51.529,177.6122,0
19.2643,-64.8191,2
52.0027,-171.0561,0
73.0817,5.9794,2
51.3175,-166.9635,2
39.1156,142.2816,0
-24.2158,-175.8752,1
-0.1285,125.2476,0
51.6932,176.8638,0
8.9833,127.2022,2
-11.4414,117.2745,2
18.9281,-67.616,2
38.5549,21.8774,2
-6.0997,149.8749,0
14.7629,-93.3914,0
-23.2292,171.146,2
64.0041,-21.9844,2
51.635,-176.3815,0
17.5156,-64.4118,0
26.6737,54.178,2
34.2882,23.7772,0
24.0573,142.8984,1
21.9267,121.5692,1
12.9018,-88.6628,0
22.058,121.68,1
21.8849,121.6117,1
-7.4416,156.0819,1
-8.3103,150.3529,2
19.1553333333333,-155.5055,2
-3.6588,119.9148,2
-56.4768,-5.6799,2
22.0804,121.5595,2
22.2006,121.6962,2
38.0,36.3643,2
22.1501,121.6678,2
22.1748,121.6187,2
22.0715,121.6904,2
2.5461,-95.064,2
35.0363,140.5855,0
12.9933,123.9916,2
24.0074,143.2032,1
51.8968,-171.407,0
5.3539,94.5693,1
51.28,178.4485,0
-16.3361,-173.4199,0
19.5743,-67.8276,2
11.5785,-87.3492,2
24.1314,143.0321,2
-15.7644,166.9124,1
24.0081,143.0829,1
24.117,142.9963,2
23.9649,143.009,2
24.2262,123.4016,0
6.9043,-76.6725,0
24.0429,142.9536,2
24.0326,142.9081,2
35.6067,140.4101,0
-30.203,-71.2956,0
24.0436,121.5336,2
64.0538,-22.107,1
-30.2582,-177.1673,1
13.1442,93.2891,0
33.2737,75.889,2
33.2711,75.8514,2
3.8516,95.9092,0
35.6282,140.7052,0
24.0223,142.7607,0
14.5594,-93.7253,2
7.8794,127.3975,2
37.0077,141.084,0
24.0976,142.8346,0
81.1077,120.1834,2
-6.3477,149.3024,0
-32.6889,-71.5453,0
-22.4615,170.062,1
-15.7655,166.8606,2
44.0654,-128.9571,2
20.0391,-61.082,1
19.8212,-61.1886,2
52.4295,-166.8908,2
-60.3968,-25.8271,2
-12.5758,166.3979,0
40.1283,83.2247,2
-4.8902,-80.7209,0
20.5326,-60.808,2
-33.1321,-72.0893,2
19.0671,-64.712,0
18.8803,-67.2898,2
-1.1702,98.7737,2
-60.1975,-27.6455,2
-4.9818,145.5217,0
-56.9588,-25.2384,1
-56.88,-25.0974,2
24.0006,142.8891,0
43.2855,17.3545,2
-34.7883,-107.3982,1
-38.1732,-73.7953,2
-59.6077,-29.7437,1
50.9732,179.1659,2
19.9935,-61.1309,2
19.1473,-67.7298,2
-10.2421,118.7994,0
25.0831,95.4345,2
-10.3202,118.5813,2
31.55997914,-104.0939955,2
51.4407,-175.3982,0
-42.8314,-74.2397,2
-15.4452,-173.5639,0
40.5297,141.8542,0
2.9928,127.3551,0
34.0261,25.0313,0
-10.1666,118.7309,2
12.5973,47.8632,2
-59.3815,-29.2895,2
19.3178,-64.506,0
-34.4627,-178.6359,2
20.3153,146.5576,2
19.321,-64.448,0
1.1123,126.7979,2
31.7611667,-115.9215,2
-22.8116,-175.9587,1
-34.8839,-71.8933,0
40.0967,142.7538,1
19.2,-64.5611,2
19.1985,-64.7698,0
19.2228,-64.6555,0
9.9131,-104.3002,2
-31.7382,-67.9505,2
19.2195,-64.606,0
-3.6967,140.1569,2
-3.7237,140.1432,1
-58.0001,-25.2393,0
64.6601,-164.0558,2
-6.486,-80.8571,0
-6.555,-81.0386,0
20.7868333333333,-154.8405,2
19.4222,121.0935,0
19.1702,121.0915,0
-5.403,34.8926,2
18.0346,-67.2095,2
28.6474,143.2531,1
-59.4524,-25.8138,1
51.3457,-179.4001,0
33.2885,140.4884,2
15.0337,-93.8771,1
31.5298333,-114.3758333,2
23.8941,122.4418,2
-50.3719,139.3416,2
15.0296,-93.9236,1
43.4,-127.2201,2
14.9261,-94.1493,0
-17.4171,-72.5432,0
44.6097,-112.5975,2
-7.8986,38.0125,2
18.8915,-64.9261,2
51.7584,175.2218,0
19.2348,-64.7041,0
20.3482,-61.0638,2
-40.5671,176.9079,2
-0.1793,-78.3809,2
-59.8005,-26.2497,0
38.6483,88.9197,2
-30.0472,-177.5205,2
-64.0311,174.0359,2
48.2629,154.8024,1
-1.5021,126.4178,1
29.9751,142.3321,2
-1.4645,126.6071,2
17.6926,-106.1551,2
38.5412,-118.1622,2
54.4596,-160.7604,1
54.6974,-160.7965,1
54.4788,-160.9727,2
54.3141,-160.8799,0
54.533,-160.893,2
54.3026,-160.7863,0
-3.9917,145.5856,0
54.6911,-160.9599,0
54.6343,-159.7589,0
31.5388333,-115.6795,2
31.5368333,-115.667,2
54.5699,-161.0235,0
54.2885,-160.8137,0
51.6308,176.5238,0
54.3081,-160.6037,0
19.0666,-66.0898,2
19.979,-64.8216,2
54.6769,-161.0559,0
73.9844,8.2782,2
25.721,91.3553,2
-58.1772,-25.1002,2
31.5663333,-114.4146667,2
11.1956,125.4332,2
27.318,54.35,2
-34.9948,-15.2181,1
31.5421667,-114.3971667,2
54.2568,-160.7432,0
6.2884,-113.5474,2
50.4438,-174.5818,0
59.7199,-139.6024,2
31.5365,-115.6796667,2
-2.5075,140.0933,0
53.4188,-166.1257,0
-1.5216,126.4711,1
56.8148,163.2307,2
-1.4523,126.4781,1
-9.3878,-75.8896,2
51.9495,-173.737,2
46.0151,151.5327,0
54.6099,-160.9884,0
19.2248,-63.937,0
13.5176,145.1509,0
5.7744,124.0656,1
27.6151,130.7553,1
53.3303,-160.3701,2
33.1046,76.0979,2
-29.9494,-177.2766,2
-53.3616,25.3129,2
53.9006,-163.5466,0
-16.8545,-172.9582,0
18.9358,120.4651,2
50.8751,-170.6905,2
-7.9183,116.6349,1
17.8545,-105.8045,2
17.9742,-105.7673,1
54.6246,-160.7377,0
17.7855,-99.1982,0
45.0385,23.0251,2
54.6257,-156.831,2
12.814,-88.1265,1
12.6967,-88.282,0
-35.0079,-107.6989,1
12.8157,-88.2511,0
-10.4567,-78.2809,0
28.97369385,-98.28136489,2
51.3588,179.8029,0
39.5107,-116.5364,2
9.1274,-79.6859,2
12.7304,-88.4034,0
12.6636,-88.2762,0
-2.3002,122.7022,2
18.8031,-64.1115,0
37.8292,141.7457,0
36.4116,53.9089,2
-3.1696,139.8285,1
12.6642,-88.3383,0
12.6801,-88.3155,0
12.6406,-88.3009,0
23.052,125.2898,2
37.0765,54.9667,2
-28.0596,-176.5865,1
-1.4613,126.5238,1
35.6949,140.6888,0
19.602,-64.4203,0
-5.5257,151.8615,1
19.7588,-64.2503,0
19.5481,-64.6008,0
56.3863,-35.1794,2
-1.3805,126.4126,0
0.6573,126.3725,2
46.9817,152.9153,0
26.8568,75.8763,2
-1.4541,126.4713,2
28.1543,55.9035,2
19.8101,-64.481,0
-5.382,102.0523,1
-30.5513,-71.6528,0
26.754,130.0809,2
-22.0929,170.1104,2
36.8294,54.2068,2
0.5219,126.5052,0
0.5371,126.2781,2
2.5305,-84.6001,2
14.091,51.7484,2
2.4063,126.8905,0
-22.7271,-175.1241,1
0.5611,92.3497,2
51.4898,175.6011,0
-24.5723,-175.6924,1
36.4253,140.613,0
38.3473,38.0806,2
54.6389,-160.9393,0
31.93450928,-102.3464891,2
30.5505,-41.8616,1
37.8628,36.236,2
31.9847,50.076,2
-9.9503,159.9707,2
32.6817,131.975,1
52.7452,-166.7582,2
19.4138,-65.83,0
19.632,-64.3275,0
-57.9422,-25.3756,0
-2.1031,99.8517,0
55.0565,-157.6791,2
55.0139,-156.3763,2
69.6222,-145.2412,2
51.4264,178.8726,0
18.5437,93.648,2
12.7062,-88.2828,0
38.157,37.1457,2
12.6732,-44.5645,2
60.8564,165.6237,0
-3.203,139.8968,0
28.1129,-112.1612,2
16.0695,-91.2617,2
-3.3502,-79.9423,0
28.044,-112.1868,2
34.7508,-112.4326,1
32.7855,140.6343,0
12.7433,-88.3052,0
19.2855,-64.3143,2
12.6972,-88.1528,0
-34.0455,-70.3686,1
54.8386,-160.641,0
19.6771,-66.0668,0
54.6614,-161.0613,0
48.0501,155.0132,1
13.9827,-92.0856,0
37.5831,35.9568,1
13.0153,-89.1916,0
27.1449,53.4523,2
47.8977,155.3432,1
-17.6222,-70.8271,0
54.6043,-161.1932,0
2.2578,126.8221,0
-11.0765,163.0439,0
18.0681,146.5227,0
14.7986,-94.0768,0
-27.2172,-70.7968,0
52.1104,93.9028,2
-23.5114,-64.668,2
12.5086,-89.2169,0
31.8986,131.6664,0
38.7771,48.8788,0
-57.9809,-23.9688,1
44.0218,-128.5478,2
32.4238,142.1096,2
36.4903,132.5791,2
-14.7565,167.9249,1
-14.8533,168.0858,1
53.9385,-164.0156,0
-14.5448,168.1003,1
54.6515,-160.9861,0
-23.3562,171.4313,1
4.6958,124.8829,1
-14.5501,168.0434,1
-14.5419,167.9056,1
-16.2553,-172.8859,1
-14.7615,168.0609,1
-14.5586,167.844,1
-14.7663,167.9648,1
-14.6718,168.0724,2
18.8553,-64.7525,0
-14.617,167.9342,1
-14.6299,167.8989,1
-26.8213,-71.0678,2
3.4281,-31.4712,1
3.2499,-31.4546,1
-14.7098,167.8199,1
30.3462,94.8374,1
-14.6541,167.9068,2
11.5913,142.7067,1
-58.1685,-23.7711,2
-30.4629,59.8394,1
-30.5055,59.8736,1
-30.5499,59.958,1
41.408,144.2639,0
-30.4838,59.7638,1
-14.7488,167.9779,2
14.8307,-94.1426,2
56.3157,-155.6988,0
54.2577,-160.8359,0
-8.808,160.5839,0
-58.7785,-25.131,0
-14.6485,167.6423,2
-12.594,166.3406,0
-58.7917,-25.1265,1
19.3436,-63.5918,0
-8.8696,-79.4037,0
64.5912,-17.2981,2
13.0478,-87.4859,2
26.6702,53.1174,2
53.5751,-167.084,2
